trajectory_id,group,image,lang_original,normal_action,paraphrased_action,contradictory_action,neutral_action,l2_normal_paraphrased_6d,l2_normal_contradictory_6d,l2_normal_neutral_6d,cos_normal_paraphrased_6d,cos_normal_contradictory_6d,cos_normal_neutral_6d
1,final,traj001_final.jpg,put the pot on the towel,"[0.00046223538811318576, -0.00042412252514623106, -0.0005010690656490624, 0.08096258342266083, 0.00993723701685667, 0.004768683109432459, 0.9960784316062927]","[0.00046223538811318576, -0.00042412252514623106, -0.00024124380433931947, 0.020934728905558586, -0.002120327204465866, -0.008125701919198036, 0.9960784316062927]","[-0.002221855567768216, 0.0005471569602377713, -0.0005010690656490624, 0.004969872999936342, 0.015296155586838722, 0.01766306720674038, 0.9960784316062927]","[-0.0015508327633142471, 0.0005471569602377713, -0.011153905652463436, -0.003970446065068245, 0.03204277157783508, 0.0015450867358595133, 0.9960784316062927]",0.06257044523954391,0.07731767743825912,0.08849374949932098,0.8870140910148621,0.32507824897766113,0.003205470973625779
2,final,traj002_final.jpg,fold the cloth from top right to bottom left,"[1.4886919416312594e-05, -0.00010036268940893933, 1.8581469703349285e-05, -0.00013888080138713121, -0.00011073314090026543, -6.67113417875953e-05, 0.9960784316062927]","[1.4886919416312594e-05, -0.00010036268940893933, 1.8581469703349285e-05, -0.00013888080138713121, -0.00011073314090026543, -6.67113417875953e-05, 0.9960784316062927]","[1.4886919416312594e-05, -0.00010036268940893933, 1.8581469703349285e-05, -0.00013888080138713121, -0.00011073314090026543, -6.67113417875953e-05, 0.9960784316062927]","[1.4886919416312594e-05, -0.00010036268940893933, -0.0005010690656490624, -0.0014160692226141691, 0.0012289963196963072, -6.67113417875953e-05, 0.9960784316062927]",0.0,0.0,0.001922530122101307,1.0,1.0,0.15717695653438568
3,final,traj003_final.jpg,move the white and yellow vegetable to the left of the silver pot,"[1.4886919416312594e-05, -0.0010716421529650688, -0.00024124380433931947, 0.007524250075221062, 0.003908454906195402, -0.025855479761958122, 0.9960784316062927]","[1.4886919416312594e-05, -0.0010716421529650688, -0.00024124380433931947, 0.007524250075221062, 0.003908454906195402, -0.025855479761958122, 0.9960784316062927]","[1.4886919416312594e-05, -0.0010716421529650688, -0.00024124380433931947, 0.007524250075221062, 0.003908454906195402, -0.025855479761958122, 0.9960784316062927]","[-0.006024317815899849, -0.003337960923090577, 0.009372291155159473, 0.08160118013620377, 0.044100336730480194, 0.011215874925255775, 0.9960784316062927]",0.0,0.0,0.0927959680557251,0.9999999403953552,0.9999999403953552,0.19406698644161224
4,final,traj004_final.jpg,put the cup from the counter into the sink,"[-0.005129620432853699, 0.007022353354841471, -0.00024124380433931947, -0.030152808874845505, 0.0045783198438584805, 0.04828723147511482, 0.9960784316062927]","[0.0015806065639480948, 0.006051073782145977, 0.007033864036202431, 0.014548786915838718, -0.02489572763442993, 0.016051270067691803, 0.9960784316062927]","[-0.005129620432853699, -0.002690441207960248, -0.0010207196464762092, -0.0014160692226141691, 0.03405236825346947, 0.0031568848062306643, 0.9960784316062927]","[-0.003116552485153079, -0.0023666813503950834, 0.001317707821726799, -0.009079200215637684, -0.002120327204465866, 0.0031568848062306643, 0.9960784316062927]",0.06328512728214264,0.06185639649629593,0.05118939280509949,0.12866778671741486,0.17878440022468567,0.6738436818122864
5,final,traj005_final.jpg,twist the knob clockwise by 90 degrees from vertical,"[-0.0019981812220066786, -0.004633000120520592, -0.00024124380433931947, 0.05478022247552872, 0.003908454906195402, -0.12901055812835693, 0.0]","[-0.00244552968069911, -0.00010036268940893933, -0.0007608943851664662, -0.055057983845472336, 0.035392098128795624, -0.05164425075054169, 0.0]","[-0.0013271585339680314, -0.00010036268940893933, 0.0005382320377975702, -0.003331851912662387, -0.00011073314090026543, -0.029079075902700424, 0.0]","[-0.0011034843046218157, 0.006374833639711142, 0.04003167524933815, -0.0806017518043518, 0.05347844213247299, -0.016184691339731216, 0.0]",0.13806596398353577,0.11576298624277115,0.18777385354042053,0.3238799571990967,0.8686525225639343,-0.14475087821483612
6,final,traj006_final.jpg,move the orange cloth to the lower right of the burner,"[-0.0011034843046218157, -0.018878431990742683, 0.004955261945724487, -0.002693257760256529, -0.019536809995770454, 0.012827672995626926, 0.9960784316062927]","[-0.002221855567768216, -0.0010716421529650688, -0.011413730680942535, -0.005886228755116463, 0.031372908502817154, 0.0031568848062306643, 0.9960784316062927]","[-0.003340226598083973, -0.0007478823536075652, -0.011413730680942535, -0.005247634835541248, 0.031372908502817154, 0.0031568848062306643, 0.9960784316062927]","[-0.0013271585339680314, -0.004309240262955427, 0.017167050391435623, -0.014826548285782337, -0.04566153138875961, -0.009737499989569187, 0.9960784316062927]",0.057286955416202545,0.05738913267850876,0.04123522713780403,-0.5654850006103516,-0.5721669793128967,0.6117619872093201
7,final,traj007_final.jpg,move the eggplant to the right side of the bell pepper,"[1.4886919416312594e-05, 0.003460995387285948, -0.0062172249890863895, 0.031790830194950104, 0.022664666175842285, 0.012827672995626926, 0.9960784316062927]","[1.4886919416312594e-05, 0.003460995387285948, -0.0007608943851664662, -0.01738092489540577, 0.007257778663188219, 0.004768683109432459, 0.9960784316062927]","[1.4886919416312594e-05, -0.0017191617516800761, -0.0007608943851664662, 0.0036926844622939825, -0.002120327204465866, -0.004902105778455734, 0.9960784316062927]","[-0.000879810017067939, -0.004956759978085756, -0.001800195430405438, -0.0333457812666893, 0.015296155586838722, -0.009737499989569187, 0.9960784316062927]",0.052439987659454346,0.042127810418605804,0.0699816346168518,-0.3765519857406616,0.01856853812932968,-0.5281050205230713
8,final,traj008_final.jpg,move the red fork to the left side of the table,"[0.00046223538811318576, -0.0020429217256605625, -0.00024124380433931947, -0.014187953434884548, -0.00011073314090026543, -0.011349298059940338, 0.9960784316062927]","[0.00046223538811318576, -0.0020429217256605625, -0.00024124380433931947, -0.007163417525589466, -0.0014504624996334314, -6.67113417875953e-05, 0.9960784316062927]","[-0.005353294778615236, -0.0023666813503950834, -0.00985477864742279, 0.0017769018886610866, 0.039411284029483795, 0.0015450867358595133, 0.9960784316062927]","[0.0013569323346018791, -0.0023666813503950834, -0.001280544907785952, -0.018658112734556198, 0.013286560773849487, -0.0016785094048827887, 0.9960784316062927]",0.013357983902096748,0.045929040759801865,0.017174964770674706,0.768979012966156,-0.0563482791185379,0.67991042137146
9,final,traj009_final.jpg,fold the cloth from right to left,"[0.00023856115876697004, -0.00042412252514623106, -0.0025796713307499886, 0.0017769018886610866, 0.0012289963196963072, -0.0016785094048827887, 0.9960784316062927]","[0.00023856115876697004, -0.00042412252514623106, -0.0025796713307499886, -0.00013888080138713121, 0.0012289963196963072, -0.0016785094048827887, 0.9960784316062927]","[0.004264697432518005, -0.009165638126432896, -0.001800195430405438, -0.020573895424604416, -0.014177892357110977, -0.12417516112327576, 0.9960784316062927]","[0.015224735252559185, 0.028714261949062347, 0.002097183605656028, 0.0349838025867939, -0.0925520658493042, -0.07259762287139893, 0.9960784316062927]",0.0019157826900482178,0.12583954632282257,0.12658044695854187,0.8632198572158813,0.3403506577014923,0.11697912961244583
10,final,traj010_final.jpg,move the knife inside the right orange pot,"[-0.0035639009438455105, 0.009936192072927952, -0.00855565257370472, 0.03370661288499832, -0.004799786023795605, -0.017796490341424942, 0.9960784316062927]","[-0.0035639009438455105, 0.009936192072927952, -0.00024124380433931947, 0.007524250075221062, -0.0007805978530086577, -0.017796490341424942, 0.9960784316062927]","[-0.0035639009438455105, 0.0015184363583102822, 0.00027840674738399684, -0.005247634835541248, 0.0159660205245018, 0.00638048117980361, 0.9960784316062927]","[0.010751250199973583, -0.0007478823536075652, -0.005697574466466904, 0.01710316352546215, -0.018866945058107376, -6.67113417875953e-05, 0.9960784316062927]",0.02776327356696129,0.05178877338767052,0.03339380398392677,0.7658344507217407,-0.4558810889720917,0.5834404826164246
11,final,traj011_final.jpg,pick up the box cutter and put it into the drawer,"[0.0015806065639480948, 0.0011946766171604395, -0.006477050483226776, -0.018658112734556198, -0.0925520658493042, -0.09516279399394989, 0.9960784316062927]","[1.4886919416312594e-05, 0.03518945723772049, -0.0028394965920597315, 0.08160118013620377, -0.018197080120444298, -0.16124652326107025, 0.0]","[0.01768515259027481, 0.0364844985306263, -0.016350410878658295, 0.0707450807094574, -0.05369991064071655, -0.024243682622909546, 0.0]","[-0.004234923515468836, -0.03377138450741768, -0.017649536952376366, 0.02604348212480545, -0.009488838724792004, 0.00638048117980361, 0.0]",0.14532369375228882,0.12702028453350067,0.14349229633808136,0.6267949938774109,0.4484390914440155,-0.023037903010845184
12,final,traj012_final.jpg,pick up the paper,"[0.0024753035977482796, 0.024829143658280373, -0.019987965002655983, 0.08160118013620377, -0.05035058781504631, 0.13693612813949585, 0.9960784316062927]","[0.01701412908732891, 0.024829143658280373, -0.023105867207050323, 0.08160118013620377, 0.034722231328487396, 0.10631196200847626, 0.9960784316062927]","[-0.02861541509628296, 0.04069337621331215, 0.009372291155159473, 0.03434520587325096, -0.03025464527308941, -0.09193920344114304, 0.9960784316062927]","[-0.007590037304908037, 0.01738266833126545, 0.005734737496823072, 0.06627491861581802, -0.07044652849435806, -0.15479932725429535, 0.9960784316062927]",0.0916314497590065,0.23895862698554993,0.29422226548194885,0.8427027463912964,-0.3854522407054901,-0.3822273313999176
13,final,traj013_final.jpg,put the toy pizza in the drawer,"[-0.015865983441472054, -0.0036617207806557417, -0.007516351528465748, -0.005886228755116463, 0.07759357243776321, -0.08388020843267441, 0.9960784316062927]","[0.0018042807932943106, -0.010784436948597431, -0.004138622898608446, -0.00013888080138713121, 0.007257778663188219, -0.05970323830842972, 0.9960784316062927]","[-0.004011249635368586, -0.003985480405390263, -0.0036189723759889603, -0.0806017518043518, 0.017975613474845886, 0.07729959487915039, 0.9960784316062927]","[1.4886919416312594e-05, -0.0007478823536075652, -0.011153905652463436, -0.037177346646785736, 0.02467426098883152, 0.024110259488224983, 0.9960784316062927]",0.07706531137228012,0.18780700862407684,0.12536129355430603,0.7911540865898132,-0.3436034321784973,0.03281296789646149
14,final,traj014_final.jpg,move the yellow cloth slightly backward to the edge of the table and to the left of the pot,"[1.4886919416312594e-05, -0.00010036268940893933, 0.0005382320377975702, -0.00013888080138713121, -0.0014504624996334314, -6.67113417875953e-05, 0.9960784316062927]","[1.4886919416312594e-05, -0.00010036268940893933, 1.8581469703349285e-05, -0.00013888080138713121, -0.00011073314090026543, -6.67113417875953e-05, 0.9960784316062927]","[1.4886919416312594e-05, -0.00010036268940893933, 0.0005382320377975702, -0.00013888080138713121, -0.0014504624996334314, -6.67113417875953e-05, 0.9960784316062927]","[1.4886919416312594e-05, 0.00022339713177643716, 1.8581469703349285e-05, 0.0017769018886610866, -0.00011073314090026543, -0.0016785094048827887, 0.9960784316062927]",0.0014369800919666886,0.0,0.002904797438532114,0.6081966757774353,1.0,0.0035561707336455584
15,final,traj015_final.jpg,place the drumstick on the back right corner of the table,"[-0.0035639009438455105, -0.00042412252514623106, 0.005734737496823072, 0.0043312786146998405, -0.01551762130111456, 0.011215874925255775, 0.9960784316062927]","[-0.0019981812220066786, -0.00042412252514623106, -0.00855565257370472, -0.01291076559573412, 0.012616695836186409, -0.09516279399394989, 0.9960784316062927]","[-0.0019981812220066786, -0.00042412252514623106, -0.00855565257370472, -0.01291076559573412, 0.028023583814501762, 0.0015450867358595133, 0.9960784316062927]","[-0.0035639009438455105, -0.0013954020105302334, -0.010894079692661762, -0.015465142205357552, 0.031372908502817154, -0.004902105778455734, 0.9960784316062927]",0.11230278760194778,0.04993310943245888,0.05592736601829529,-0.6738560199737549,-0.7724963426589966,-0.8528037071228027
16,final,traj016_final.jpg,turn the lever from vertical to the front,"[0.009185531176626682, -0.0020429217256605625, 0.008332990109920502, -0.0014160692226141691, -0.02958478033542633, -0.021020086482167244, 0.9960784316062927]","[-0.008037385530769825, 0.002489715814590454, 0.008073165081441402, 0.04392411932349205, 0.04209074378013611, 0.01766306720674038, 0.9960784316062927]","[0.009185531176626682, -0.007223078515380621, 0.006514213513582945, -0.04228610172867775, -0.0784849002957344, 0.024110259488224983, 0.9960784316062927]","[0.0009095838759094477, -0.0023666813503950834, -0.00985477864742279, -0.00013888080138713121, -0.00011073314090026543, -0.02263188362121582, 0.9960784316062927]",0.0949038490653038,0.07828455418348312,0.03566987067461014,-0.6828241348266602,0.565580427646637,0.43017980456352234
17,final,traj017_final.jpg,put the cover of the silver pot on the bottom right side of the table,"[0.00046223538811318576, -0.00010036268940893933, 0.00027840674738399684, -0.00013888080138713121, -0.0014504624996334314, -6.67113417875953e-05, 0.9960784316062927]","[-0.010721476748585701, 0.016735147684812546, -0.004658273421227932, -0.04037031903862953, 0.00792764313519001, 0.08374679088592529, 0.9960784316062927]","[0.0015806065639480948, 0.007993632927536964, -0.00024124380433931947, 0.004969872999936342, 0.0025687257293611765, 0.027333855628967285, 0.9960784316062927]","[-0.0019981812220066786, 0.0005471569602377713, -0.006996701005846262, -0.00013888080138713121, 0.023334531113505363, -6.67113417875953e-05, 0.9960784316062927]",0.09572931379079819,0.029327083379030228,0.025955654680728912,-0.13040392100811005,-0.1408023089170456,-0.9644409418106079
18,final,traj018_final.jpg,sweep into a pile,"[0.002027955139055848, 0.006051073782145977, 0.019245652481913567, 0.05031006410717964, -0.020206674933433533, -0.02263188362121582, 0.9960784316062927]","[0.002027955139055848, 0.006051073782145977, 0.01197054423391819, 0.05031006410717964, 0.02467426098883152, -0.02263188362121582, 0.9960784316062927]","[-0.0017745069926604629, -0.0017191617516800761, 0.016647398471832275, 0.03370661288499832, -0.023555997759103775, -0.016184691339731216, 0.9960784316062927]","[0.010974925011396408, 0.005403554067015648, -0.005177923943847418, 0.01774175837635994, 0.0025687257293611765, 0.07246420532464981, 0.9960784316062927]",0.04546675086021423,0.020249569788575172,0.10629985481500626,0.7314946055412292,0.9678202271461487,-0.17910650372505188
19,final,traj019_final.jpg,put the green object into the drawer,"[-0.006919014733284712, -0.0017191617516800761, 0.001317707821726799, 0.0017769018886610866, 0.056157901883125305, 0.03378104791045189, 0.9960784316062927]","[-0.006919014733284712, -0.0017191617516800761, 0.001317707821726799, 0.0017769018886610866, 0.011276966892182827, -0.017796490341424942, 0.9960784316062927]","[-0.004682272206991911, -0.011108196340501308, -0.007776177022606134, 0.06308194994926453, 0.07759357243776321, -0.19670607149600983, 0.9960784316062927]","[0.003817348973825574, -0.016288353130221367, -0.006996701005846262, -0.02568265050649643, 0.010607101954519749, 0.07891139388084412, 0.9960784316062927]",0.06837061047554016,0.23982903361320496,0.07254178822040558,0.059572819620370865,-0.14631591737270355,0.5681784152984619
20,final,traj020_final.jpg,pick up the pan from the stove,"[0.005830417387187481, 0.0011946766171604395, 0.018985826522111893, 0.023489106446504593, -0.036283425986766815, -0.008125701919198036, 0.0]","[0.005830417387187481, -0.016288353130221367, 0.009112466126680374, 0.020296134054660797, 0.008597508072853088, -0.021020086482167244, 0.0]","[-0.0017745069926604629, -0.0010716421529650688, 0.008332990109920502, -0.04228610172867775, 0.060846954584121704, 0.007992278784513474, 0.0]","[-0.00244552968069911, 0.0044322749599814415, -0.019468314945697784, -0.04100891202688217, 0.052138712257146835, 0.00638048117980361, 0.0]",0.05093032494187355,0.11915087699890137,0.1172458603978157,0.2994212508201599,-0.8613800406455994,-0.9777678847312927
21,final,traj021_final.jpg,close the drawer,"[-0.003116552485153079, 0.0011946766171604395, 0.002097183605656028, -0.011633576825261116, -0.008149109780788422, -0.0032903074752539396, 0.9960784316062927]","[-0.003787575289607048, 0.011554990895092487, -0.00024124380433931947, 0.05222584679722786, -0.012168297544121742, -0.009737499989569187, 0.9960784316062927]","[0.003817348973825574, -0.014345794916152954, -0.017649536952376366, 0.08160118013620377, 0.008597508072853088, 0.0015450867358595133, 0.9960784316062927]","[-0.020563142374157906, -0.025353629142045975, -0.0023198460694402456, 0.08160118013620377, -0.0925520658493042, -0.12417516112327576, 0.9960784316062927]",0.06518436223268509,0.09836700558662415,0.1773652583360672,-0.5350571274757385,-0.8469915390014648,0.0901242196559906
22,final,traj022_final.jpg,flip the pot upright in the sink,"[1.4886919416312594e-05, 0.0018421962158754468, -0.0005010690656490624, 0.02476629428565502, -0.012168297544121742, -0.012961096130311489, 0.9960784316062927]","[-0.00020878732902929187, 0.002489715814590454, 0.0026168341282755136, 0.05797319486737251, 0.014626290649175644, -0.011349298059940338, 0.0]","[1.4886919416312594e-05, 0.003460995387285948, -0.0005010690656490624, 0.008162843994796276, 0.010607101954519749, -0.0032903074752539396, 0.9960784316062927]","[0.0031463264022022486, -0.0013954020105302334, 0.0023570088669657707, -0.002054663607850671, 0.0005591315566562116, 0.0031568848062306643, 0.0]",0.04281865060329437,0.029841884970664978,0.03419937193393707,0.7561703324317932,0.28171810507774353,-0.5930029153823853
23,final,traj023_final.jpg,move the orange object to the lower middle of the burner,"[0.00023856115876697004, -0.00010036268940893933, 0.0005382320377975702, -0.0014160692226141691, -0.0007805978530086577, 0.0015450867358595133, 0.9960784316062927]","[1.4886919416312594e-05, -0.00010036268940893933, 0.0005382320377975702, -0.0014160692226141691, -0.0007805978530086577, -6.67113417875953e-05, 0.9960784316062927]","[0.00023856115876697004, -0.00010036268940893933, 0.0005382320377975702, -0.0014160692226141691, -0.0007805978530086577, -6.67113417875953e-05, 0.9960784316062927]","[0.00023856115876697004, -0.00010036268940893933, -0.0005010690656490624, 0.0011383076198399067, 0.0012289963196963072, -6.67113417875953e-05, 0.9960784316062927]",0.0016272440552711487,0.001611798070371151,0.0037737712264060974,0.7117200493812561,0.7182707786560059,-0.7026576995849609
24,final,traj024_final.jpg,move the silver can to the right side,"[0.020592916756868362, 0.02418162301182747, 0.010151767171919346, -0.0007774750120006502, -0.023555997759103775, 0.07729959487915039, 0.9960784316062927]","[0.020592916756868362, 0.005403554067015648, 0.0028766596224159002, -0.0007774750120006502, -0.024225862696766853, 0.07085240632295609, 0.9960784316062927]","[0.023948030546307564, 0.012202510610222816, 0.008852641098201275, -0.03206859156489372, -0.05035058781504631, 0.009604076854884624, 0.9960784316062927]","[0.015001061372458935, 0.008317392319440842, -0.011673555709421635, 0.011994409374892712, 0.04677979648113251, 0.004768683109432459, 0.9960784316062927]",0.021155565977096558,0.08022599667310715,0.10550007224082947,0.9737924933433533,0.48516881465911865,-0.07609990239143372
25,final,traj025_final.jpg,move the blue brush on top of the blue cloth,"[-0.008037385530769825, -0.009165638126432896, 0.003656135406345129, -0.01291076559573412, -0.04164234548807144, -0.0016785094048827887, 0.9960784316062927]","[-0.008037385530769825, -0.009165638126432896, -0.008815477602183819, 0.0030540903098881245, 0.022664666175842285, -0.012961096130311489, 0.9960784316062927]","[0.0006859096465632319, -0.0023666813503950834, -0.006477050483226776, -0.002054663607850671, 0.026683855801820755, 0.00638048117980361, 0.9960784316062927]","[-0.0013271585339680314, -0.00042412252514623106, -0.0062172249890863895, 0.0017769018886610866, 0.02467426098883152, 0.00638048117980361, 0.9960784316062927]",0.06836012005805969,0.07124798744916916,0.06998207420110703,-0.6139464974403381,-0.8552797436714172,-0.8935809135437012
26,final,traj026_final.jpg,move the can into the middle of the table,"[1.4886919416312594e-05, -0.00010036268940893933, 1.8581469703349285e-05, -0.00013888080138713121, -0.00011073314090026543, -6.67113417875953e-05, 0.9960784316062927]","[1.4886919416312594e-05, -0.00010036268940893933, 1.8581469703349285e-05, -0.00013888080138713121, -0.00011073314090026543, -6.67113417875953e-05, 0.9960784316062927]","[1.4886919416312594e-05, -0.00010036268940893933, 1.8581469703349285e-05, -0.00013888080138713121, -0.00011073314090026543, -6.67113417875953e-05, 0.9960784316062927]","[-0.0013271585339680314, 0.00022339713177643716, -0.00829582754522562, -0.028237026184797287, 0.008597508072853088, 0.007992278784513474, 0.9960784316062927]",0.0,0.0,0.03164367005228996,1.0,1.0,0.3270646929740906
27,final,traj027_final.jpg,put the cucumber in the cup,"[-0.009155756793916225, -0.0013954020105302334, 0.018466176465153694, 0.005608467385172844, 0.0052481843158602715, -0.017796490341424942, 0.9960784316062927]","[-0.009155756793916225, -0.005280519835650921, 0.010411592200398445, -0.015465142205357552, 0.060177091509103775, -0.0016785094048827887, 0.9960784316062927]","[-0.011616173200309277, 0.0018421962158754468, 0.0249618086963892, -0.03270718827843666, -0.07446571439504623, -0.008125701919198036, 0.9960784316062927]","[0.010751250199973583, 0.0031372355297207832, -0.009594953618943691, 0.01710316352546215, -0.0014504624996334314, -0.004902105778455734, 0.9960784316062927]",0.06165258586406708,0.08930088579654694,0.0393386036157608,0.2996416985988617,0.055279772728681564,-0.15923067927360535
28,final,traj028_final.jpg,move the purple cloth to the lower right of the table,"[0.00023856115876697004, -0.00010036268940893933, 1.8581469703349285e-05, -0.002054663607850671, 0.0005591315566562116, 0.0015450867358595133, 0.9960784316062927]","[0.00023856115876697004, -0.00010036268940893933, 1.8581469703349285e-05, -0.002054663607850671, 0.0005591315566562116, 0.0015450867358595133, 0.9960784316062927]","[0.00023856115876697004, 0.00022339713177643716, 1.8581469703349285e-05, -0.0014160692226141691, -0.002120327204465866, -0.0016785094048827887, 0.9960784316062927]","[0.007172462530434132, 0.005079794209450483, -0.004138622898608446, 0.005608467385172844, 0.0018988610245287418, 0.02572205848991871, 0.9960784316062927]",0.0,0.004252492915838957,0.027152160182595253,1.0000001192092896,-0.10283029824495316,0.40892234444618225
29,final,traj029_final.jpg,move the yellow object into the silver pot,"[0.00023856115876697004, -0.00042412252514623106, 1.8581469703349285e-05, -0.00013888080138713121, -0.0014504624996334314, -0.0016785094048827887, 0.9960784316062927]","[0.00023856115876697004, 0.0005471569602377713, 1.8581469703349285e-05, -0.00013888080138713121, -0.0014504624996334314, 0.0015450867358595133, 0.9960784316062927]","[1.4886919416312594e-05, -0.00010036268940893933, 1.8581469703349285e-05, -0.00013888080138713121, -0.00011073314090026543, -6.67113417875953e-05, 0.9960784316062927]","[-0.0011034843046218157, -0.014669554308056831, -0.0030993218533694744, -0.0078020114451646805, 0.003908454906195402, -0.05164425075054169, 0.9960784316062927]",0.003366742515936494,0.002132514724507928,0.052900586277246475,-0.12851063907146454,0.688508927822113,0.7097291350364685
30,final,traj030_final.jpg,unfold the cloth from top left to bottom right,"[0.002922652056440711, 0.003460995387285948, 0.005734737496823072, -0.002054663607850671, -0.0014504624996334314, -6.67113417875953e-05, 0.9960784316062927]","[0.002922652056440711, 0.003460995387285948, 0.005734737496823072, -0.002054663607850671, -0.0014504624996334314, -6.67113417875953e-05, 0.9960784316062927]","[0.0018042807932943106, -0.00010036268940893933, 0.001057882560417056, -0.0014160692226141691, -0.005469650961458683, 0.0031568848062306643, 0.9960784316062927]","[-0.006247991696000099, 0.0018421962158754468, -0.012453031726181507, 0.015825975686311722, 0.03606196120381355, -0.0016785094048827887, 0.9960784316062927]",0.0,0.007922136224806309,0.04633587598800659,1.0,0.41131144762039185,-0.5194461941719055
31,final,traj031_final.jpg,open the brown box flap,"[0.010303902439773083, -0.0023666813503950834, -0.001280544907785952, -0.01291076559573412, -0.02489572763442993, -0.01940828748047352, 0.9960784316062927]","[0.010303902439773083, -0.0023666813503950834, -0.001280544907785952, -0.015465142205357552, -0.02489572763442993, -0.006513903848826885, 0.9960784316062927]","[0.0013569323346018791, -0.006575559265911579, 0.005994562990963459, 0.04200833663344383, -0.018866945058107376, -0.040361661463975906, 0.9960784316062927]","[-0.0011034843046218157, 0.0031372355297207832, -0.0005010690656490624, 0.00688565568998456, -0.0007805978530086577, 0.0031568848062306643, 0.0]",0.0131449606269598,0.06035054102540016,0.04054200276732445,0.9306846261024475,0.33126920461654663,-0.5005828142166138
32,final,traj032_final.jpg,put the red eggplant on the blue cloth,"[-0.00020878732902929187, -0.00010036268940893933, 0.001057882560417056, 0.0011383076198399067, 0.0018988610245287418, -6.67113417875953e-05, 0.9960784316062927]","[-0.00020878732902929187, -0.00010036268940893933, 0.001057882560417056, 0.0011383076198399067, 0.0018988610245287418, -6.67113417875953e-05, 0.9960784316062927]","[-0.00020878732902929187, -0.00010036268940893933, -0.0007608943851664662, 0.0030540903098881245, -0.00011073314090026543, -6.67113417875953e-05, 0.9960784316062927]","[-0.00020878732902929187, 0.00022339713177643716, -0.00024124380433931947, 0.0004997134092263877, -0.0007805978530086577, -6.67113417875953e-05, 0.9960784316062927]",0.0,0.0033191326074302197,0.003062654286623001,1.0,0.3235183358192444,-0.46011897921562195
33,final,traj033_final.jpg,reach the end effector toward the corn,"[-0.000879810017067939, 0.0031372355297207832, -0.0010207196464762092, -0.00013888080138713121, -0.010158703662455082, -0.0032903074752539396, 0.9960784316062927]","[0.005606743041425943, -0.0007478823536075652, 0.005215086974203587, -0.011633576825261116, -0.0034600566141307354, -0.011349298059940338, 0.9960784316062927]","[0.006948788184672594, -0.002690441207960248, -0.006996701005846262, 0.0043312786146998405, 0.015296155586838722, -0.006513903848826885, 0.9960784316062927]","[0.0018042807932943106, 0.005079794209450483, -0.0030993218533694744, 0.0024154961574822664, -0.0034600566141307354, 0.0031568848062306643, 0.9960784316062927]",0.01838483102619648,0.028447933495044708,0.010404876433312893,0.29958462715148926,-0.6334174871444702,0.4589279890060425
34,final,traj034_final.jpg,take the lid off the pot or pan,"[1.4886919416312594e-05, -0.0007478823536075652, -0.005697574466466904, -0.010994982905685902, -0.0014504624996334314, -0.011349298059940338, 0.9960784316062927]","[0.005830417387187481, -0.003985480405390263, -0.004398448392748833, -0.010994982905685902, -0.02221626788377762, -0.009737499989569187, 0.9960784316062927]","[0.0006859096465632319, 0.0028134756721556187, -0.007776177022606134, -0.005247634835541248, -0.013508027419447899, -0.006513903848826885, 0.9960784316062927]","[-0.002221855567768216, -0.004633000120520592, 1.8581469703349285e-05, -0.03590015694499016, 0.006587913725525141, 0.009604076854884624, 0.9960784316062927]",0.021904490888118744,0.014807162806391716,0.03430304303765297,0.6195893287658691,0.6394234895706177,0.43478089570999146
35,final,traj035_final.jpg,pick up the glue and put it into the drawer,"[0.0031463264022022486, -0.0007478823536075652, 0.008073165081441402, -0.019935302436351776, -0.00011073314090026543, -0.004902105778455734, 0.9960784316062927]","[-0.0017745069926604629, -0.0075468383729457855, 0.0005382320377975702, -0.030791403725743294, 0.018645478412508965, -0.03552626818418503, 0.9960784316062927]","[0.0013569323346018791, -0.010136917233467102, 0.003915960434824228, -0.05888954922556877, 0.021994803100824356, 0.06601700931787491, 0.9960784316062927]","[-0.010721476748585701, -0.04154162108898163, -0.010634254664182663, -0.0806017518043518, 0.06151682138442993, -0.056479644030332565, 0.9960784316062927]",0.03917531296610832,0.08452364802360535,0.11110818386077881,0.6927592158317566,0.43544724583625793,0.6458447575569153
36,final,traj036_final.jpg,put the green cloth into the dry cleaner,"[1.4886919416312594e-05, -0.00010036268940893933, 1.8581469703349285e-05, -0.00013888080138713121, -0.00011073314090026543, -6.67113417875953e-05, 0.9960784316062927]","[1.4886919416312594e-05, -0.00010036268940893933, 1.8581469703349285e-05, -0.00013888080138713121, -0.00011073314090026543, -6.67113417875953e-05, 0.9960784316062927]","[1.4886919416312594e-05, -0.00010036268940893933, 1.8581469703349285e-05, -0.00013888080138713121, -0.00011073314090026543, -6.67113417875953e-05, 0.9960784316062927]","[-0.0019981812220066786, -0.0007478823536075652, -0.006477050483226776, -0.006524823140352964, 0.024004396051168442, 0.0015450867358595133, 0.9960784316062927]",0.0,0.0,0.025914909318089485,1.0,1.0,-0.3458615839481354
37,final,traj037_final.jpg,sweep into a pile,"[-0.0035639009438455105, 0.04069337621331215, 0.004175785928964615, -0.05058782547712326, -0.026235457509756088, 0.012827672995626926, 0.0]","[-0.0035639009438455105, 0.04069337621331215, 0.001577533083036542, -0.01801951974630356, -0.016187485307455063, 0.03216924890875816, 0.0]","[-0.0035639009438455105, 0.04069337621331215, 0.004175785928964615, 0.015187380835413933, -0.016187485307455063, 0.04184003919363022, 0.0]","[-0.0035639009438455105, 0.04069337621331215, 0.012490194290876389, 0.014548786915838718, 0.0005591315566562116, 0.02572205848991871, 0.0]",0.03927472233772278,0.07258827239274979,0.07208413630723953,0.8357405662536621,0.4198618233203888,0.35053613781929016
38,final,traj038_final.jpg,open the cabinet,"[1.4886919416312594e-05, -0.00010036268940893933, 1.8581469703349285e-05, -0.00013888080138713121, -0.00011073314090026543, -6.67113417875953e-05, 0.9960784316062927]","[1.4886919416312594e-05, -0.00010036268940893933, 1.8581469703349285e-05, -0.00013888080138713121, -0.00011073314090026543, -6.67113417875953e-05, 0.9960784316062927]","[-0.0013271585339680314, 0.006698593497276306, -0.00024124380433931947, -0.002693257760256529, 0.00993723701685667, 0.03216924890875816, 0.9960784316062927]","[-0.0013271585339680314, -0.022116029635071754, 0.009891942143440247, -0.00013888080138713121, -0.028245050460100174, -0.05486784502863884, 0.9960784316062927]",0.0,0.03456498309969902,0.06617157906293869,1.0,-0.47954872250556946,0.6418047547340393
39,final,traj039_final.jpg,put the silver lid on the silver pan,"[-0.006919014733284712, -0.006575559265911579, -0.01920848898589611, -0.011633576825261116, 0.05481817200779915, -0.009737499989569187, 0.9960784316062927]","[-0.0073663629591465, -0.014993314631283283, -0.0025796713307499886, -0.065914086997509, 0.00591804925352335, 0.04022824019193649, 0.9960784316062927]","[-0.005576969124376774, -0.0007478823536075652, -0.016870060935616493, -0.007163417525589466, 0.05280857905745506, 0.0031568848062306643, 0.9960784316062927]","[-0.006919014733284712, -0.00010036268940893933, -0.017649536952376366, -0.0078020114451646805, 0.044100336730480194, 0.0031568848062306643, 0.9960784316062927]",0.09045301377773285,0.015215685591101646,0.018443875014781952,0.18648530542850494,0.9691430926322937,0.967109739780426
40,final,traj040_final.jpg,open the fridge,"[0.0006859096465632319, 0.03065682016313076, -0.00829582754522562, 0.02604348212480545, 0.013956425711512566, 0.07568779587745667, 0.9960784316062927]","[0.011422272771596909, 0.03421817719936371, -0.01738971285521984, -0.004609040450304747, 0.03271263837814331, 0.08213499188423157, 0.9960784316062927]","[-0.004458597861230373, 0.03065682016313076, -0.0030993218533694744, 0.03434520587325096, -0.010158703662455082, 0.06279341131448746, 0.9960784316062927]","[0.00359367486089468, -0.01823091320693493, -0.006477050483226776, -0.06208252161741257, 0.0025687257293611765, -0.061315037310123444, 0.9960784316062927]",0.03928855434060097,0.029499033465981483,0.17049169540405273,0.9147635102272034,0.9419350028038025,-0.8613762855529785
