trajectory_id,group,run_family,run_stamp,traj_group,traj_name,image_file,lang_original,normal_action,paraphrased_action,contradictory_action,neutral_action
001,initial,2023-01-09_pnp_rigid_objects,2023-01-10_16-11-27,traj_group0,traj38,traj001_initial.jpg,pick up the rigid object,"[-0.0019981812220066786, 0.007022353354841471, 0.0023570088669657707, -0.029514215886592865, 0.051468849182128906, -0.16930550336837769, 0.0]","[-0.0019981812220066786, 0.004108515102416277, 0.0023570088669657707, -0.013549359515309334, 0.014626290649175644, -0.07259762287139893, 0.0]","[-0.0019981812220066786, 0.007346113212406635, 0.0023570088669657707, 0.030513642355799675, -0.027575185522437096, 0.04989903047680855, 0.0]","[-0.002221855567768216, -0.00010036268940893933, -0.011413730680942535, -0.004609040450304747, -0.01551762130111456, -0.0032903074752539396, 0.0]"
001,final,2023-01-09_pnp_rigid_objects,2023-01-10_16-11-27,traj_group0,traj38,traj001_final.jpg,pick up the rigid object,"[0.005159394349902868, -0.00592803955078125, -0.0005010690656490624, -0.030791403725743294, -0.008149109780788422, 0.0015450867358595133, 0.0]","[-0.004458597861230373, -0.00010036268940893933, 0.0007980572991073132, 0.005608467385172844, 0.0025687257293611765, 0.02572205848991871, 0.0]","[-0.0013271585339680314, -0.0007478823536075652, -0.001280544907785952, -0.006524823140352964, 0.0012289963196963072, 0.009604076854884624, 0.0]","[0.00023856115876697004, -0.0056042796932160854, -0.0020600208081305027, -0.009079200215637684, -0.0014504624996334314, 0.00638048117980361, 0.0]"
002,initial,pnp_utensils_11-18,2022-11-18_20-05-03,traj_group0,traj36,traj002_initial.jpg,pick up the utensil,"[-0.005353294778615236, 0.002489715814590454, -0.0030993218533694744, -0.002693257760256529, 0.034722231328487396, -0.03874986618757248, 0.9960784316062927]","[-0.005353294778615236, -0.0062517994083464146, -0.005177923943847418, -0.028237026184797287, -0.020206674933433533, -0.06776223331689835, 0.9960784316062927]","[-0.019668446853756905, 0.011554990895092487, 0.004175785928964615, 0.011994409374892712, 0.027353720739483833, 0.1030883640050888, 0.9960784316062927]","[0.00023856115876697004, 0.003460995387285948, -0.0062172249890863895, 0.022211916744709015, -0.004129921551793814, 0.007992278784513474, 0.9960784316062927]"
002,final,pnp_utensils_11-18,2022-11-18_20-05-03,traj_group0,traj36,traj002_final.jpg,pick up the utensil,"[0.0015806065639480948, 0.003460995387285948, 0.025221632793545723, 0.01774175837635994, -0.01752721518278122, 0.07729959487915039, 0.0]","[1.4886919416312594e-05, -0.0013954020105302334, 0.0023570088669657707, 0.014548786915838718, 0.05012911930680275, 0.17400747537612915, 0.0]","[0.0009095838759094477, 0.008317392319440842, 0.004435610957443714, 0.00944003276526928, 0.00993723701685667, 0.01766306720674038, 0.0]","[-0.0004324615583755076, 0.005079794209450483, 0.010671418160200119, -0.005247634835541248, -0.013508027419447899, 0.004768683109432459, 0.0]"
003,initial,pnp_utensils_12-07_rigid_objects,2022-12-08_14-21-43,traj_group0,traj10,traj003_initial.jpg,pick up the utensil,"[-0.0004324615583755076, -0.00042412252514623106, -0.008815477602183819, -0.05825095623731613, 0.006587913725525141, -0.048420652747154236, 0.9960784316062927]","[-0.0004324615583755076, -0.00042412252514623106, -0.011153905652463436, -0.028875621035695076, 0.030703043565154076, -0.04680885374546051, 0.0]","[-0.006247991696000099, -0.002690441207960248, -0.0028394965920597315, -0.019935302436351776, 0.021994803100824356, -0.011349298059940338, 0.0]","[0.0015806065639480948, -0.0017191617516800761, -0.0025796713307499886, -0.01801951974630356, -0.01484775636345148, 0.016051270067691803, 0.0]"
003,final,pnp_utensils_12-07_rigid_objects,2022-12-08_14-21-43,traj_group0,traj10,traj003_final.jpg,pick up the utensil,"[-0.023918256163597107, -0.00592803955078125, 0.007813340052962303, -0.004609040450304747, -0.019536809995770454, -0.01940828748047352, 0.9960784316062927]","[-0.023918256163597107, -0.010784436948597431, 0.005994562990963459, -0.0007774750120006502, -0.004799786023795605, -0.01940828748047352, 0.9960784316062927]","[-0.02861541509628296, 0.011554990895092487, 0.003396310145035386, 0.05541881546378136, 0.0025687257293611765, 0.20301984250545502, 0.9960784316062927]","[-0.019221097230911255, -0.0017191617516800761, -0.0010207196464762092, -0.014826548285782337, -0.002120327204465866, 0.0015450867358595133, 0.9960784316062927]"
004,initial,2023-05-25_bin_pnp,2023-05-26_11-58-22,traj_group0,traj121,traj004_initial.jpg,pick up the object and place it in the bin,"[-0.0049059465527534485, 0.0005471569602377713, -0.018688838928937912, 0.005608467385172844, 0.04945925623178482, -0.0016785094048827887, 0.9960784316062927]","[-0.004458597861230373, 0.0005471569602377713, -0.013752157799899578, 0.0017769018886610866, 0.03673182427883148, -0.012961096130311489, 0.9960784316062927]","[-0.0049059465527534485, 0.0005471569602377713, -0.018688838928937912, 0.005608467385172844, 0.051468849182128906, 0.0015450867358595133, 0.9960784316062927]","[-0.007813711650669575, 0.0018421962158754468, -0.022066567093133926, 0.00944003276526928, 0.06754560023546219, 0.0031568848062306643, 0.9960784316062927]"
004,final,2023-05-25_bin_pnp,2023-05-26_11-58-22,traj_group0,traj121,traj004_final.jpg,pick up the object and place it in the bin,"[-0.02861541509628296, 0.0008709167595952749, 0.01690722443163395, 0.0004997134092263877, -0.0925520658493042, 0.08697038143873215, 0.9960784316062927]","[-0.02861541509628296, 0.0008709167595952749, 0.003396310145035386, -0.046117667108774185, -0.0925520658493042, -0.20637686550617218, 0.9960784316062927]","[-0.02861541509628296, 0.0008709167595952749, -0.006736875511705875, 0.0043312786146998405, 0.01663588546216488, -0.140293151140213, 0.9960784316062927]","[-0.0011034843046218157, -0.017907151952385902, 0.004175785928964615, -0.009717794135212898, -0.01082856860011816, 0.043451838195323944, 0.9960784316062927]"
005,initial,2022-12-09_pnp_soft_toys,2022-12-09_15-54-53,traj_group0,traj14,traj005_initial.jpg,pick up the soft toy,"[-0.0013271585339680314, -0.0017191617516800761, -0.0028394965920597315, 0.015825975686311722, -0.002120327204465866, -0.009737499989569187, 0.9960784316062927]","[-0.0013271585339680314, -0.0013954020105302334, -0.0028394965920597315, 0.01774175837635994, -0.010158703662455082, 0.0015450867358595133, 0.9960784316062927]","[-0.0011034843046218157, -0.024058589711785316, -0.001280544907785952, -0.018658112734556198, 0.00591804925352335, -0.04358525946736336, 0.0]","[0.006054091267287731, -0.021792270243167877, -0.006996701005846262, -0.01227217074483633, -0.0014504624996334314, -0.053256046026945114, 0.0]"
005,final,2022-12-09_pnp_soft_toys,2022-12-09_15-54-53,traj_group0,traj14,traj005_final.jpg,pick up the soft toy,"[-0.007813711650669575, -0.01207947637885809, -0.007776177022606134, 0.013271598145365715, 0.0159660205245018, 0.03216924890875816, 0.9960784316062927]","[-0.007813711650669575, -0.01207947637885809, -0.01790936291217804, 0.022850511595606804, 0.07424424588680267, -0.040361661463975906, 0.9960784316062927]","[-0.0019981812220066786, 0.0005471569602377713, -0.013492332771420479, 0.0017769018886610866, 0.04008115082979202, -0.0016785094048827887, 0.9960784316062927]","[-0.00020878732902929187, 0.00022339713177643716, -0.012712856754660606, -0.002054663607850671, 0.03405236825346947, 0.0015450867358595133, 0.9960784316062927]"
006,initial,2023-01-04_pnp_objects,2023-01-04_12-52-41,traj_group0,traj21,traj006_initial.jpg,pick up the object,"[-0.016537006944417953, 0.022239064797759056, 0.0007980572991073132, 0.02732067182660103, 0.07759357243776321, -0.0774330198764801, 0.0]","[-0.016537006944417953, 0.02062026597559452, -0.005177923943847418, -0.023128272965550423, 0.07759357243776321, -0.1080571785569191, 0.9960784316062927]","[-0.016537006944417953, 0.029038021340966225, 0.004175785928964615, 0.030513642355799675, 0.03204277157783508, 0.16272489726543427, 0.0]","[-0.00870840810239315, -0.035390183329582214, 0.008073165081441402, 0.0024154961574822664, -0.031594373285770416, -0.05164425075054169, 0.0]"
006,final,2023-01-04_pnp_objects,2023-01-04_12-52-41,traj_group0,traj21,traj006_final.jpg,pick up the object,"[-0.018550075590610504, 0.015763867646455765, -0.0020600208081305027, 0.03434520587325096, 0.06285654753446579, -0.16769370436668396, 0.9960784316062927]","[-0.018550075590610504, 0.015763867646455765, -0.001540370169095695, 0.01710316352546215, 0.043430473655462265, -0.012961096130311489, 0.9960784316062927]","[-0.006247991696000099, -0.0017191617516800761, 0.0023570088669657707, -0.030791403725743294, -0.01685735024511814, -0.03069087490439415, 0.9960784316062927]","[-0.011392499320209026, 0.0076698730699718, -0.018429012969136238, -0.030791403725743294, 0.00993723701685667, -0.0016785094048827887, 0.9960784316062927]"
007,initial,2023-01-11_pnp_objects,2023-01-22_14-50-42,traj_group0,traj42,traj007_initial.jpg,pick up the object,"[0.009856553748250008, 0.0031372355297207832, -0.019987965002655983, -0.003331851912662387, 0.022664666175842285, 0.016051270067691803, 0.0]","[0.009856553748250008, 0.0031372355297207832, -0.019987965002655983, -0.003331851912662387, 0.022664666175842285, 0.016051270067691803, 0.0]","[0.007396136876195669, 0.0021659559570252895, -0.01323250774294138, 0.023489106446504593, -0.05905882641673088, -0.009737499989569187, 0.0]","[0.009856553748250008, 0.006051073782145977, 0.010931243188679218, -0.002054663607850671, -0.026905320584774017, 0.011215874925255775, 0.0]"
007,final,2023-01-11_pnp_objects,2023-01-22_14-50-42,traj_group0,traj42,traj007_final.jpg,pick up the object,"[-0.0013271585339680314, -0.01596459373831749, -0.007776177022606134, 0.0030540903098881245, -0.0088189747184515, -0.05970323830842972, 0.9960784316062927]","[-0.0013271585339680314, -0.01596459373831749, -0.007776177022606134, 0.0030540903098881245, 0.011276966892182827, -0.05003245174884796, 0.9960784316062927]","[-0.00826106034219265, -0.004956759978085756, 0.001577533083036542, -0.014187953434884548, -0.026905320584774017, 0.0015450867358595133, 0.9960784316062927]","[-0.00244552968069911, 0.0015184363583102822, -0.0005010690656490624, -0.0007774750120006502, 0.013956425711512566, 0.00638048117980361, 0.9960784316062927]"
008,initial,pnp_utensils_12-07_rigid_objects,2022-12-08_14-43-29,traj_group0,traj11,traj008_initial.jpg,pick up the utensil,"[-0.0028928781393915415, -0.0020429217256605625, -0.011413730680942535, -0.020573895424604416, 0.030703043565154076, 0.011215874925255775, 0.9960784316062927]","[0.012987992726266384, -0.020820992067456245, 0.004955261945724487, -0.004609040450304747, -0.05570950359106064, -0.053256046026945114, 0.0]","[-0.0017745069926604629, 0.007993632927536964, -0.004138622898608446, -0.007163417525589466, 0.0052481843158602715, 0.02894565463066101, 0.0]","[-0.008932082913815975, 0.004756034817546606, -0.006477050483226776, -0.0078020114451646805, -0.0027901919092983007, 0.035392846912145615, 0.0]"
008,final,pnp_utensils_12-07_rigid_objects,2022-12-08_14-43-29,traj_group0,traj11,traj008_final.jpg,pick up the utensil,"[-0.019444772973656654, 0.013173789717257023, 0.003915960434824228, 0.06882929801940918, 0.018645478412508965, 0.0015450867358595133, 0.9960784316062927]","[-0.019444772973656654, 0.013173789717257023, -0.0036189723759889603, 0.048394281417131424, 0.018645478412508965, -0.06776223331689835, 0.9960784316062927]","[-0.015418635681271553, 0.012850030325353146, 0.003136484883725643, 0.05158725008368492, -0.0034600566141307354, 0.20301984250545502, 0.9960784316062927]","[-0.0073663629591465, 0.02062026597559452, 0.008332990109920502, 0.047117091715335846, -0.009488838724792004, 0.09986476600170135, 0.9960784316062927]"
009,initial,2022-12-15_pnp_many_objects_in_env,2022-12-15_14-48-54,traj_group0,traj138,traj009_initial.jpg,pick up the target object among many objects,"[-0.015642309561371803, 0.009936192072927952, 0.01223036926239729, 0.049032874405384064, 0.017975613474845886, 0.07568779587745667, 0.9960784316062927]","[-0.007813711650669575, 0.004756034817546606, 0.002097183605656028, 0.0011383076198399067, -0.01082856860011816, 0.04828723147511482, 0.9960784316062927]","[-0.015642309561371803, 0.009936192072927952, -0.001280544907785952, 0.08160118013620377, 0.07759357243776321, 0.0466754324734211, 0.9960784316062927]","[-0.0049059465527534485, -0.0017191617516800761, -0.015570934861898422, -0.003331851912662387, 0.04276060685515404, -0.0032903074752539396, 0.9960784316062927]"
009,final,2022-12-15_pnp_many_objects_in_env,2022-12-15_14-48-54,traj_group0,traj138,traj009_final.jpg,pick up the target object among many objects,"[-0.021681513637304306, 0.01511634886264801, 0.005474912468343973, 0.031152237206697464, -0.019536809995770454, 0.20301984250545502, 0.9960784316062927]","[-0.021681513637304306, 0.01511634886264801, 0.005474912468343973, 0.031152237206697464, 0.017305748537182808, 0.04184003919363022, 0.9960784316062927]","[-0.0049059465527534485, -0.004633000120520592, 0.003656135406345129, 0.022850511595606804, -0.026905320584774017, 0.012827672995626926, 0.9960784316062927]","[-0.019444772973656654, 0.02418162301182747, -0.008815477602183819, 0.05478022247552872, 0.013286560773849487, 0.04022824019193649, 0.9960784316062927]"
010,initial,2022-12-09_pnp_soft_toys,2022-12-09_16-31-56,traj_group0,traj45,traj010_initial.jpg,pick up the soft toy,"[-0.027944393455982208, -0.014669554308056831, 0.005994562990963459, -0.003970446065068245, 0.0052481843158602715, 0.02088666334748268, 0.0]","[-0.016760680824518204, -0.024382349103689194, 0.002097183605656028, 0.022850511595606804, -0.01551762130111456, -0.029079075902700424, 0.0]","[-0.018997423350811005, -0.014993314631283283, 0.012490194290876389, 0.0011383076198399067, -0.03025464527308941, 0.012827672995626926, 0.0]","[-0.016537006944417953, -0.003337960923090577, 0.014049146324396133, -0.03270718827843666, -0.019536809995770454, -0.027467278763651848, 0.0]"
010,final,2022-12-09_pnp_soft_toys,2022-12-09_16-31-56,traj_group0,traj45,traj010_final.jpg,pick up the soft toy,"[-0.005129620432853699, -0.020820992067456245, -0.0010207196464762092, -0.030791403725743294, -0.04633139818906784, 0.011215874925255775, 0.9960784316062927]","[-0.005129620432853699, -0.0023666813503950834, -0.01297268271446228, -0.010994982905685902, 0.04142087697982788, -6.67113417875953e-05, 0.9960784316062927]","[-0.006695340387523174, -0.005280519835650921, -0.001280544907785952, -0.04420188441872597, 0.003238590434193611, -0.024243682622909546, 0.9960784316062927]","[0.0013569323346018791, 0.0021659559570252895, -0.0023198460694402456, 0.00688565568998456, -0.011498433537781239, 0.007992278784513474, 0.9960784316062927]"
011,initial,sweep_12-03,2022-12-05_13-20-15,traj_group0,traj222,traj011_initial.jpg,sweep the object across the surface,"[0.005383068695664406, 0.030980579555034637, 0.00027840674738399684, 0.0011383076198399067, -0.005469650961458683, 0.09502937644720078, 0.9960784316062927]","[0.005383068695664406, -0.0013954020105302334, -0.01297268271446228, -0.002693257760256529, -0.0014504624996334314, -0.0339144691824913, 0.9960784316062927]","[0.011198598891496658, 0.0015184363583102822, -0.009335128590464592, 0.0011383076198399067, 0.00591804925352335, 0.016051270067691803, 0.9960784316062927]","[0.004488371778279543, 0.026771701872348785, -0.0028394965920597315, 0.027959264814853668, -0.0027901919092983007, 0.051510825753211975, 0.9960784316062927]"
011,final,sweep_12-03,2022-12-05_13-20-15,traj_group0,traj222,traj011_final.jpg,sweep the object across the surface,"[0.00046223538811318576, 0.00022339713177643716, -0.02414516918361187, -0.018658112734556198, 0.05280857905745506, -6.67113417875953e-05, 0.9960784316062927]","[0.00046223538811318576, -0.00010036268940893933, 1.8581469703349285e-05, 0.0004997134092263877, -0.0027901919092983007, 0.0031568848062306643, 0.9960784316062927]","[-0.018102725967764854, 0.013173789717257023, 0.004175785928964615, 0.011355815455317497, -0.006809380371123552, 0.04022824019193649, 0.9960784316062927]","[-0.003116552485153079, -0.01207947637885809, 0.009112466126680374, 0.021573323756456375, -0.023555997759103775, -0.04197346046566963, 0.9960784316062927]"
012,initial,pnp_utensils_11-29,2022-11-29_15-24-23,traj_group0,traj220,traj012_initial.jpg,pick up the utensil,"[-0.005353294778615236, -0.0007478823536075652, -0.014011983759701252, -0.005247634835541248, 0.03807155415415764, -6.67113417875953e-05, 0.9960784316062927]","[-0.005353294778615236, -0.0007478823536075652, -0.015570934861898422, -0.005247634835541248, 0.044100336730480194, 0.004768683109432459, 0.9960784316062927]","[-0.004458597861230373, -0.0007478823536075652, -0.01609058491885662, -0.0078020114451646805, 0.044100336730480194, 0.004768683109432459, 0.9960784316062927]","[-0.005353294778615236, -0.0013954020105302334, -0.013492332771420479, -0.005247634835541248, 0.04209074378013611, 0.00638048117980361, 0.9960784316062927]"
012,final,pnp_utensils_11-29,2022-11-29_15-24-23,traj_group0,traj220,traj012_final.jpg,pick up the utensil,"[-0.0013271585339680314, -0.006899319123476744, -0.006996701005846262, -0.01610373705625534, -0.024225862696766853, -0.006513903848826885, 0.9960784316062927]","[-0.0013271585339680314, -0.006899319123476744, -0.005437749437987804, 0.0004997134092263877, -0.0034600566141307354, -0.011349298059940338, 0.9960784316062927]","[-0.004234923515468836, 0.026447942480444908, -0.0028394965920597315, -0.021212490275502205, -0.004129921551793814, 0.08697038143873215, 0.9960784316062927]","[-0.0013271585339680314, -0.014345794916152954, -0.007256526034325361, -0.002693257760256529, 0.009267373010516167, -0.03874986618757248, 0.9960784316062927]"
013,initial,2023-05-25_bin_pnp,2023-05-26_11-58-22,traj_group0,traj130,traj013_initial.jpg,pick up the object and place it in the bin,"[-0.003116552485153079, -0.0013954020105302334, -0.004658273421227932, -0.01227217074483633, 0.011276966892182827, 0.007992278784513474, 0.9960784316062927]","[0.004488371778279543, -0.014022034592926502, -0.001540370169095695, -0.019296707585453987, 0.010607101954519749, -0.03069087490439415, 0.9960784316062927]","[-0.0004324615583755076, -0.025029869750142097, 0.001057882560417056, -0.07677018642425537, 0.010607101954519749, -0.04197346046566963, 0.0]","[0.004488371778279543, -0.005280519835650921, -0.02466481924057007, -0.039731722325086594, 0.07759357243776321, 0.03861644119024277, 0.0]"
013,final,2023-05-25_bin_pnp,2023-05-26_11-58-22,traj_group0,traj130,traj013_final.jpg,pick up the object and place it in the bin,"[-0.002221855567768216, -0.00042412252514623106, -0.001800195430405438, -0.002693257760256529, 0.007257778663188219, -0.0016785094048827887, 0.9960784316062927]","[-0.002221855567768216, -0.00042412252514623106, -0.0025796713307499886, -0.0014160692226141691, 0.010607101954519749, 0.0015450867358595133, 0.9960784316062927]","[-0.0006561357877217233, -0.00042412252514623106, -0.0023198460694402456, -0.002054663607850671, 0.007257778663188219, -0.0032903074752539396, 0.9960784316062927]","[-0.0013271585339680314, -0.00042412252514623106, -0.0023198460694402456, 0.0011383076198399067, 0.009267373010516167, -0.0032903074752539396, 0.9960784316062927]"
014,initial,2022-12-09_pnp_soft_toys,2022-12-09_15-16-08,traj_group0,traj65,traj014_initial.jpg,pick up the soft toy,"[-0.0019981812220066786, 0.0037847552448511124, -0.01453163381665945, 0.01646456867456436, 0.043430473655462265, -0.012961096130311489, 0.9960784316062927]","[-0.0019981812220066786, 0.007993632927536964, -0.008815477602183819, 0.06180476024746895, -0.014177892357110977, -0.09677459299564362, 0.9960784316062927]","[1.4886919416312594e-05, -0.0007478823536075652, -0.00024124380433931947, 0.004969872999936342, 0.003908454906195402, -0.004902105778455734, 0.9960784316062927]","[-0.0011034843046218157, -0.0007478823536075652, 0.0005382320377975702, -0.007163417525589466, 0.00591804925352335, -0.0016785094048827887, 0.0]"
014,final,2022-12-09_pnp_soft_toys,2022-12-09_15-16-08,traj_group0,traj65,traj014_final.jpg,pick up the soft toy,"[-0.004682272206991911, 0.007022353354841471, -0.022066567093133926, -0.0078020114451646805, 0.060177091509103775, -0.008125701919198036, 0.9960784316062927]","[-0.004682272206991911, -0.017907151952385902, -0.0049180989153683186, -0.0691070556640625, -0.0784849002957344, -0.05164425075054169, 0.9960784316062927]","[-0.004011249635368586, 0.007022353354841471, 0.013529496267437935, 0.046478498727083206, 0.07759357243776321, 0.03378104791045189, 0.9960784316062927]","[-0.004682272206991911, -0.0030142010655254126, -0.018169187009334564, 0.05031006410717964, 0.011276966892182827, -0.008125701919198036, 0.9960784316062927]"
015,initial,2022-12-11_pnp_soft_toys,2022-12-11_15-54-32,traj_group0,traj54,traj015_initial.jpg,pick up the soft toy,"[-0.005800643470138311, -0.00010036268940893933, -0.015570934861898422, -0.002054663607850671, 0.05012911930680275, 0.0015450867358595133, 0.9960784316062927]","[-0.005800643470138311, -0.00010036268940893933, -0.015570934861898422, -0.003331851912662387, 0.04075101390480995, 0.0015450867358595133, 0.9960784316062927]","[-0.005800643470138311, -0.014022034592926502, 0.0028766596224159002, -0.01291076559573412, 0.0253441259264946, 0.00638048117980361, 0.9960784316062927]","[-0.014747613109648228, 0.0021659559570252895, 0.018466176465153694, 0.019657541066408157, -0.02489572763442993, -0.04197346046566963, 0.9960784316062927]"
015,final,2022-12-11_pnp_soft_toys,2022-12-11_15-54-32,traj_group0,traj54,traj015_final.jpg,pick up the soft toy,"[-0.015642309561371803, -0.011108196340501308, -0.00829582754522562, -0.0806017518043518, 0.05012911930680275, 0.15466590225696564, 0.9960784316062927]","[-0.015642309561371803, -0.014022034592926502, -0.014011983759701252, -0.0806017518043518, 0.022664666175842285, -0.20637686550617218, 0.9960784316062927]","[-0.003340226598083973, 0.007022353354841471, -0.004138622898608446, -0.021212490275502205, 0.04544006660580635, 0.0015450867358595133, 0.9960784316062927]","[-0.003787575289607048, 0.0008709167595952749, -0.013492332771420479, 0.015187380835413933, 0.04142087697982788, -0.006513903848826885, 0.9960784316062927]"
016,initial,2022-12-08_pnp_soft_toys,2022-12-08_19-41-31,traj_group0,traj52,traj016_initial.jpg,pick up the soft toy,"[-0.004234923515468836, -0.003337960923090577, -0.0025796713307499886, -0.01610373705625534, 0.02467426098883152, -0.0774330198764801, 0.9960784316062927]","[0.005830417387187481, 0.017058907076716423, -0.01790936291217804, -0.022489678114652634, 0.02467426098883152, -0.012961096130311489, 0.9960784316062927]","[0.003817348973825574, 0.02418162301182747, -0.0030993218533694744, 0.029875047504901886, -0.01484775636345148, 0.05634622275829315, 0.0]","[0.005830417387187481, -0.019849712029099464, -0.010374429635703564, -0.07613159716129303, -0.03762315586209297, -0.07904481887817383, 0.0]"
016,final,2022-12-08_pnp_soft_toys,2022-12-08_19-41-31,traj_group0,traj52,traj016_final.jpg,pick up the soft toy,"[0.002251629251986742, 0.007346113212406635, 0.008332990109920502, -0.005886228755116463, -0.01685735024511814, 0.009604076854884624, 0.9960784316062927]","[0.002251629251986742, 0.007346113212406635, 0.007553514558821917, -0.0014160692226141691, -0.014177892357110977, 0.009604076854884624, 0.9960784316062927]","[0.002027955139055848, -0.0007478823536075652, -0.008815477602183819, 0.0017769018886610866, -0.02221626788377762, -0.0016785094048827887, 0.0]","[-0.0017745069926604629, 0.0057273139245808125, -0.00855565257370472, 0.02668207697570324, 0.0018988610245287418, 0.0031568848062306643, 0.0]"
017,initial,2022-12-09_pnp_soft_toys,2022-12-09_16-31-56,traj_group0,traj107,traj017_initial.jpg,pick up the soft toy,"[0.009409205056726933, -0.003337960923090577, -0.007256526034325361, -0.0512264184653759, -0.05972869321703911, -0.016184691339731216, 0.9960784316062927]","[0.009409205056726933, -0.003337960923090577, -0.007256526034325361, -0.0512264184653759, -0.03896288573741913, -0.006513903848826885, 0.9960784316062927]","[0.009632878936827183, 0.030009301379323006, -0.0023198460694402456, 0.02476629428565502, -0.024225862696766853, 0.06440521031618118, 0.9960784316062927]","[-0.004458597861230373, -0.00042412252514623106, -0.006736875511705875, -0.002054663607850671, 0.03807155415415764, -0.0032903074752539396, 0.9960784316062927]"
017,final,2022-12-09_pnp_soft_toys,2022-12-09_16-31-56,traj_group0,traj107,traj017_final.jpg,pick up the soft toy,"[0.012093296274542809, 0.004108515102416277, -0.015830760821700096, -0.015465142205357552, -0.03695329278707504, -0.04197346046566963, 0.9960784316062927]","[0.012093296274542809, 0.003460995387285948, -0.007256526034325361, 0.028597859665751457, -0.013508027419447899, -0.0645386353135109, 0.9960784316062927]","[0.005830417387187481, 0.007022353354841471, -0.019987965002655983, 0.011994409374892712, 0.044100336730480194, 0.004768683109432459, 0.9960784316062927]","[0.01902719773352146, -0.012726996093988419, -0.001540370169095695, 0.0528644397854805, -0.03025464527308941, 0.04989903047680855, 0.9960784316062927]"
018,initial,pnp_utensils_12-01,2022-12-01_17-19-37,traj_group0,traj63,traj018_initial.jpg,pick up the utensil,"[-0.004458597861230373, 0.0005471569602377713, -0.01609058491885662, 0.0030540903098881245, 0.04677979648113251, -0.008125701919198036, 0.9960784316062927]","[-0.004458597861230373, 0.0005471569602377713, -0.015570934861898422, 0.0036926844622939825, 0.04008115082979202, -0.004902105778455734, 0.9960784316062927]","[-0.003340226598083973, 0.0005471569602377713, -0.011933381669223309, 0.0017769018886610866, 0.034722231328487396, 0.011215874925255775, 0.9960784316062927]","[-0.0035639009438455105, -0.0007478823536075652, -0.015570934861898422, -0.0014160692226141691, 0.04477020353078842, -0.004902105778455734, 0.9960784316062927]"
018,final,pnp_utensils_12-01,2022-12-01_17-19-37,traj_group0,traj63,traj018_final.jpg,pick up the utensil,"[0.004488371778279543, -0.0075468383729457855, -0.00024124380433931947, 0.015825975686311722, -0.012168297544121742, -0.025855479761958122, 0.9960784316062927]","[0.004488371778279543, -0.0075468383729457855, -0.00024124380433931947, 0.015825975686311722, -0.006809380371123552, -0.025855479761958122, 0.9960784316062927]","[0.002251629251986742, -0.0007478823536075652, 0.002097183605656028, 0.0043312786146998405, -0.00011073314090026543, -0.012961096130311489, 0.9960784316062927]","[0.004488371778279543, -0.004633000120520592, 0.005994562990963459, -0.011633576825261116, -0.006139515433460474, -0.009737499989569187, 0.9960784316062927]"
019,initial,2022-12-09_pnp_soft_toys,2022-12-09_15-16-08,traj_group0,traj116,traj019_initial.jpg,pick up the soft toy,"[-0.0013271585339680314, 0.004756034817546606, 0.008852641098201275, 0.015187380835413933, -0.01685735024511814, 0.012827672995626926, 0.9960784316062927]","[-0.0013271585339680314, 0.0018421962158754468, -0.0062172249890863895, -0.02440546080470085, 0.0018988610245287418, -0.008125701919198036, 0.9960784316062927]","[-0.006247991696000099, 0.0021659559570252895, 0.003656135406345129, -0.005247634835541248, -0.028245050460100174, 0.016051270067691803, 0.9960784316062927]","[-0.006247991696000099, -0.012726996093988419, -0.008815477602183819, -0.01227217074483633, 0.02936331368982792, -0.07420942187309265, 0.0]"
019,final,2022-12-09_pnp_soft_toys,2022-12-09_15-16-08,traj_group0,traj116,traj019_final.jpg,pick up the soft toy,"[0.002251629251986742, -0.013050755485892296, -0.0028394965920597315, -0.04356328770518303, -0.08250409364700317, -0.029079075902700424, 0.9960784316062927]","[0.002251629251986742, -0.013050755485892296, 0.001057882560417056, -0.021851085126399994, -0.01082856860011816, -0.0339144691824913, 0.9960784316062927]","[0.008961856365203857, -0.022763550281524658, -0.00829582754522562, -0.0723000317811966, -0.06575747579336166, -0.029079075902700424, 0.9960784316062927]","[-0.019444772973656654, 0.0008709167595952749, 0.008332990109920502, -0.004609040450304747, -0.03494369611144066, -0.04197346046566963, 0.9960784316062927]"
020,initial,2023-01-04_pnp_objects,2023-01-04_17-51-10,traj_group0,traj230,traj020_initial.jpg,pick up the object,"[-0.0019981812220066786, -0.005280519835650921, -0.007256526034325361, -0.055696580559015274, 0.03606196120381355, -0.0016785094048827887, 0.0]","[-0.0019981812220066786, -0.005280519835650921, -0.007256526034325361, -0.022489678114652634, -0.00011073314090026543, -0.012961096130311489, 0.9960784316062927]","[0.00023856115876697004, -0.00042412252514623106, 0.00027840674738399684, -0.00013888080138713121, -0.0014504624996334314, -0.0016785094048827887, 0.9960784316062927]","[-0.007142688613384962, -0.026648668572306633, 0.0007980572991073132, 0.010717221535742283, 0.014626290649175644, -0.05486784502863884, 0.0]"
020,final,2023-01-04_pnp_objects,2023-01-04_17-51-10,traj_group0,traj230,traj020_final.jpg,pick up the object,"[-0.000879810017067939, -0.00042412252514623106, -0.005177923943847418, 0.0011383076198399067, 0.0206550732254982, -0.021020086482167244, 0.9960784316062927]","[-0.000879810017067939, -0.00042412252514623106, -0.005177923943847418, 0.0011383076198399067, 0.0206550732254982, 0.009604076854884624, 0.9960784316062927]","[1.4886919416312594e-05, -0.00010036268940893933, 1.8581469703349285e-05, -0.00013888080138713121, -0.00011073314090026543, -6.67113417875953e-05, 0.9960784316062927]","[-0.0019981812220066786, -0.00010036268940893933, -0.005177923943847418, -0.002693257760256529, 0.018645478412508965, -6.67113417875953e-05, 0.9960784316062927]"
021,initial,2022-12-11_pnp_soft_toys,2022-12-11_16-23-59,traj_group0,traj24,traj021_initial.jpg,pick up the soft toy,"[0.0013569323346018791, -0.019525952637195587, -0.001800195430405438, 0.08160118013620377, 0.003908454906195402, -0.040361661463975906, 0.9960784316062927]","[0.0013569323346018791, -0.019525952637195587, -0.006996701005846262, -0.03590015694499016, -0.039632752537727356, 0.0015450867358595133, 0.9960784316062927]","[0.007396136876195669, 0.014792589470744133, -0.010114604607224464, -0.009717794135212898, -0.02221626788377762, 0.016051270067691803, 0.0]","[0.003817348973825574, 0.010583711788058281, -0.009594953618943691, 0.03306801989674568, 0.011276966892182827, -0.10322178900241852, 0.0]"
021,final,2022-12-11_pnp_soft_toys,2022-12-11_16-23-59,traj_group0,traj24,traj021_final.jpg,pick up the soft toy,"[0.007172462530434132, 0.012850030325353146, 0.04003167524933815, -0.02440546080470085, -0.0925520658493042, 0.0531226247549057, 0.0]","[0.007172462530434132, 0.0031372355297207832, 0.04003167524933815, -0.039093129336833954, -0.0925520658493042, -0.08065661787986755, 0.0]","[-0.004011249635368586, 0.0021659559570252895, 0.0026168341282755136, -0.026959838345646858, 0.022664666175842285, -0.011349298059940338, 0.9960784316062927]","[-0.005800643470138311, -0.012726996093988419, 0.01638757437467575, 0.08160118013620377, -0.0925520658493042, -0.024243682622909546, 0.0]"
022,initial,2022-12-09_pnp_soft_toys,2022-12-09_16-31-56,traj_group0,traj143,traj022_initial.jpg,pick up the soft toy,"[-0.000879810017067939, 0.00022339713177643716, -0.008815477602183819, 0.0004997134092263877, 0.030033178627490997, -6.67113417875953e-05, 0.9960784316062927]","[-0.000879810017067939, 0.00022339713177643716, -0.008815477602183819, 0.0004997134092263877, 0.030033178627490997, 0.009604076854884624, 0.9960784316062927]","[1.4886919416312594e-05, -0.00010036268940893933, -0.00855565257370472, -0.00013888080138713121, 0.030033178627490997, 0.004768683109432459, 0.9960784316062927]","[0.0026989777106791735, 0.013821309432387352, 0.0023570088669657707, -0.005247634835541248, -0.010158703662455082, 0.17561927437782288, 0.9960784316062927]"
022,final,2022-12-09_pnp_soft_toys,2022-12-09_16-31-56,traj_group0,traj143,traj022_final.jpg,pick up the soft toy,"[-0.0073663629591465, 0.009288672357797623, 0.013009845279157162, -0.005886228755116463, 0.00591804925352335, 0.02088666334748268, 0.0]","[-0.008932082913815975, 0.007346113212406635, 0.010671418160200119, 0.022211916744709015, 0.0012289963196963072, -0.053256046026945114, 0.0]","[-0.006919014733284712, 0.01738266833126545, 0.012490194290876389, -0.028237026184797287, -0.018866945058107376, 0.0466754324734211, 0.0]","[-0.0019981812220066786, 0.00022339713177643716, 0.013009845279157162, -0.005247634835541248, -0.02154640294611454, -0.008125701919198036, 0.0]"
023,initial,pnp_utensils_12-06_gripper_start_closed,2022-12-06_21-24-47,traj_group0,traj145,traj023_initial.jpg,pick up the utensil,"[0.010080227628350258, -0.0023666813503950834, -0.022066567093133926, 0.02668207697570324, 0.0005591315566562116, 0.007992278784513474, 0.0]","[0.010080227628350258, -0.0023666813503950834, -0.022066567093133926, 0.020296134054660797, 0.03271263837814331, -0.08065661787986755, 0.0]","[0.011422272771596909, 0.007993632927536964, -0.01323250774294138, 0.0126330042257905, -0.02087653987109661, 0.012827672995626926, 0.0]","[0.010527576319873333, 0.003460995387285948, 0.003656135406345129, 0.0043312786146998405, -0.01685735024511814, 0.011215874925255775, 0.0]"
023,final,pnp_utensils_12-06_gripper_start_closed,2022-12-06_21-24-47,traj_group0,traj145,traj023_final.jpg,pick up the utensil,"[-0.0028928781393915415, -0.004309240262955427, -0.004658273421227932, -0.002054663607850671, 0.003908454906195402, -0.017796490341424942, 0.9960784316062927]","[0.010080227628350258, 0.0076698730699718, 0.03925219923257828, 0.014548786915838718, -0.0925520658493042, 0.03861644119024277, 0.9960784316062927]","[-0.0028928781393915415, 0.02418162301182747, 0.004175785928964615, -0.007163417525589466, -0.007479244843125343, 0.06279341131448746, 0.9960784316062927]","[0.010080227628350258, 0.013821309432387352, -0.010894079692661762, -0.006524823140352964, -0.00011073314090026543, 0.06924060732126236, 0.9960784316062927]"
024,initial,2023-01-11_pnp_objects,2023-01-11_13-38-11,traj_group0,traj57,traj024_initial.jpg,pick up the object,"[-0.0026692040264606476, 0.0031372355297207832, -0.006996701005846262, 0.0017769018886610866, -0.044991668313741684, -0.1950942724943161, 0.9960784316062927]","[-0.0026692040264606476, 0.0031372355297207832, -0.0005010690656490624, 0.0011383076198399067, 0.010607101954519749, -0.06292683631181717, 0.9960784316062927]","[0.006054091267287731, 0.028066741302609444, -0.014011983759701252, 0.013271598145365715, 0.003238590434193611, 0.08374679088592529, 0.0]","[0.0013569323346018791, 0.0028134756721556187, -0.00855565257370472, 0.004969872999936342, -0.028914915397763252, 0.02894565463066101, 0.0]"
024,final,2023-01-11_pnp_objects,2023-01-11_13-38-11,traj_group0,traj57,traj024_final.jpg,pick up the object,"[-0.024365605786442757, 0.01511634886264801, -0.0020600208081305027, 0.024127699434757233, -0.004799786023795605, -0.12256336212158203, 0.9960784316062927]","[-0.024365605786442757, 0.007993632927536964, -0.011413730680942535, 0.05031006410717964, 0.07759357243776321, -0.14996393024921417, 0.9960784316062927]","[-0.007813711650669575, -0.002690441207960248, -0.0036189723759889603, -0.04547907039523125, 0.05347844213247299, -0.16285832226276398, 0.9960784316062927]","[0.0009095838759094477, -0.00010036268940893933, 1.8581469703349285e-05, -0.0007774750120006502, -0.004799786023795605, -0.0016785094048827887, 0.9960784316062927]"
025,initial,pnp_utensils_12-01,2022-12-01_15-40-03,traj_group0,traj176,traj025_initial.jpg,pick up the utensil,"[1.4886919416312594e-05, -0.00010036268940893933, 1.8581469703349285e-05, -0.00013888080138713121, -0.00011073314090026543, -6.67113417875953e-05, 0.9960784316062927]","[1.4886919416312594e-05, -0.00010036268940893933, 1.8581469703349285e-05, -0.00013888080138713121, -0.00011073314090026543, -6.67113417875953e-05, 0.9960784316062927]","[1.4886919416312594e-05, -0.00010036268940893933, 1.8581469703349285e-05, -0.00013888080138713121, -0.00011073314090026543, -6.67113417875953e-05, 0.9960784316062927]","[-0.003116552485153079, 0.010259951464831829, 1.8581469703349285e-05, -0.003970446065068245, 0.0005591315566562116, -0.009737499989569187, 0.9960784316062927]"
025,final,pnp_utensils_12-01,2022-12-01_15-40-03,traj_group0,traj176,traj025_final.jpg,pick up the utensil,"[0.00046223538811318576, -0.02017347142100334, 0.0026168341282755136, 0.03753817826509476, -0.036283425986766815, -0.08549200743436813, 0.9960784316062927]","[0.00046223538811318576, -0.02017347142100334, 0.0026168341282755136, 0.03753817826509476, -0.03293410316109657, -0.05164425075054169, 0.9960784316062927]","[-0.000879810017067939, 0.030009301379323006, -0.00024124380433931947, 0.015187380835413933, -0.00011073314090026543, 0.06440521031618118, 0.9960784316062927]","[0.0009095838759094477, 0.00022339713177643716, 0.013009845279157162, 0.01774175837635994, -0.035613562911748886, 0.009604076854884624, 0.9960784316062927]"
026,initial,2022-12-15_pnp_many_objects_in_env,2022-12-15_14-48-54,traj_group0,traj0,traj026_initial.jpg,pick up the target object among many objects,"[-0.022128863260149956, 0.005079794209450483, -0.009335128590464592, -0.006524823140352964, 0.07759357243776321, 0.004768683109432459, 0.0]","[-0.021010491997003555, -0.013698275201022625, -0.0010207196464762092, -0.055057983845472336, -0.05838896334171295, 0.019274866208434105, 0.0]","[0.007619811221957207, 0.007993632927536964, -0.009335128590464592, 0.011994409374892712, -0.0336039699614048, -0.0016785094048827887, 0.0]","[0.0015806065639480948, 0.0057273139245808125, 0.009891942143440247, -0.003970446065068245, -0.008149109780788422, 0.035392846912145615, 0.0]"
026,final,2022-12-15_pnp_many_objects_in_env,2022-12-15_14-48-54,traj_group0,traj0,traj026_final.jpg,pick up the target object among many objects,"[-0.0015508327633142471, -0.024058589711785316, -0.004138622898608446, 0.08160118013620377, -0.006809380371123552, -0.053256046026945114, 0.9960784316062927]","[-0.0015508327633142471, 0.026447942480444908, -0.011933381669223309, 0.03434520587325096, -0.01685735024511814, 0.012827672995626926, 0.9960784316062927]","[-0.02861541509628296, -0.008518118411302567, -0.0062172249890863895, 0.019657541066408157, 0.07759357243776321, -0.05486784502863884, 0.9960784316062927]","[-0.009155756793916225, 0.04069337621331215, 0.0023570088669657707, 0.0024154961574822664, -0.027575185522437096, 0.14821870625019073, 0.9960784316062927]"
027,initial,2022-12-09_pnp_soft_toys,2022-12-09_16-31-56,traj_group0,traj81,traj027_initial.jpg,pick up the soft toy,"[-0.010945150628685951, -0.026648668572306633, 0.009632117114961147, 0.010717221535742283, -0.0336039699614048, -0.07259762287139893, 0.9960784316062927]","[-0.000879810017067939, -0.02243979088962078, 0.009891942143440247, -0.0078020114451646805, -0.0925520658493042, -6.67113417875953e-05, 0.9960784316062927]","[0.0033700005151331425, 0.0044322749599814415, 0.008073165081441402, 0.031790830194950104, -0.08987260609865189, -0.004902105778455734, 0.9960784316062927]","[-0.0026692040264606476, 0.006051073782145977, -0.01297268271446228, 0.06180476024746895, -0.0034600566141307354, 0.01766306720674038, 0.9960784316062927]"
027,final,2022-12-09_pnp_soft_toys,2022-12-09_16-31-56,traj_group0,traj81,traj027_final.jpg,pick up the soft toy,"[-0.004234923515468836, 0.01738266833126545, 0.018985826522111893, 0.010717221535742283, -0.06642734259366989, 0.0015450867358595133, 0.9960784316062927]","[-0.004234923515468836, 0.008317392319440842, -0.0049180989153683186, 0.03370661288499832, 0.006587913725525141, -0.011349298059940338, 0.9960784316062927]","[-0.005353294778615236, 0.013821309432387352, -0.017129886895418167, 0.03370661288499832, -0.02489572763442993, -0.004902105778455734, 0.9960784316062927]","[-0.007813711650669575, 0.009936192072927952, 0.006254388019442558, 0.04200833663344383, -0.08987260609865189, 0.04184003919363022, 0.9960784316062927]"
028,initial,2022-12-15_pnp_many_objects_in_env,2022-12-15_15-35-45,traj_group0,traj115,traj028_initial.jpg,pick up the target object among many objects,"[-0.005576969124376774, -0.008841877803206444, 0.006514213513582945, 0.01646456867456436, -0.0336039699614048, -0.03552626818418503, 0.9960784316062927]","[-0.005576969124376774, 0.0018421962158754468, -0.008036002516746521, 0.0024154961574822664, 0.030703043565154076, -6.67113417875953e-05, 0.9960784316062927]","[-0.005576969124376774, 0.0015184363583102822, -0.007776177022606134, 0.005608467385172844, 0.030703043565154076, 0.009604076854884624, 0.9960784316062927]","[-0.003116552485153079, 0.0011946766171604395, -0.006477050483226776, 0.0043312786146998405, 0.026013990864157677, 0.0015450867358595133, 0.9960784316062927]"
028,final,2022-12-15_pnp_many_objects_in_env,2022-12-15_15-35-45,traj_group0,traj115,traj028_final.jpg,pick up the target object among many objects,"[-0.003116552485153079, -0.01531707402318716, 0.01950547657907009, 0.023489106446504593, -0.026235457509756088, -0.011349298059940338, 0.0]","[-0.003116552485153079, -0.01531707402318716, 0.020544778555631638, 0.023489106446504593, -0.040302615612745285, 0.004768683109432459, 0.9960784316062927]","[-0.0011034843046218157, 0.005403554067015648, 0.02184390462934971, -0.002054663607850671, -0.052360180765390396, 0.02572205848991871, 0.9960784316062927]","[-0.0026692040264606476, -0.01207947637885809, 0.014828622341156006, 0.022211916744709015, -0.026235457509756088, -0.012961096130311489, 0.0]"
029,initial,2022-12-15_pnp_many_objects_in_env,2022-12-15_14-48-54,traj_group0,traj140,traj029_initial.jpg,pick up the target object among many objects,"[-0.000879810017067939, -0.004956759978085756, -0.004138622898608446, -0.03398437425494194, 0.017305748537182808, 0.04022824019193649, 0.9960784316062927]","[-0.000879810017067939, -0.004956759978085756, -0.004138622898608446, -0.03398437425494194, 0.017305748537182808, 0.04022824019193649, 0.9960784316062927]","[-0.003340226598083973, 0.0005471569602377713, -0.015311109833419323, 0.0036926844622939825, 0.044100336730480194, 0.0031568848062306643, 0.9960784316062927]","[-0.000879810017067939, 0.00022339713177643716, -0.010894079692661762, 0.0011383076198399067, 0.027353720739483833, 0.0031568848062306643, 0.9960784316062927]"
029,final,2022-12-15_pnp_many_objects_in_env,2022-12-15_14-48-54,traj_group0,traj140,traj029_final.jpg,pick up the target object among many objects,"[-0.010050454176962376, 0.011231230571866035, -0.001800195430405438, -0.020573895424604416, 0.06486614048480988, -0.1080571785569191, 0.9960784316062927]","[-0.010050454176962376, 0.011231230571866035, -0.001800195430405438, -0.020573895424604416, 0.06486614048480988, -0.1080571785569191, 0.9960784316062927]","[-0.0096031054854393, -0.012403235770761967, -0.01790936291217804, 0.0030540903098881245, 0.06218668445944786, -0.0016785094048827887, 0.9960784316062927]","[-0.002221855567768216, -0.00010036268940893933, -0.015311109833419323, -0.002054663607850671, 0.04008115082979202, -0.0016785094048827887, 0.9960784316062927]"
030,initial,pnp_utensils_12-07_rigid_objects,2022-12-07_19-49-59,traj_group0,traj23,traj030_initial.jpg,pick up the utensil,"[0.01790882647037506, 0.01641138829290867, -0.010894079692661762, -0.005886228755116463, -0.028245050460100174, -0.0339144691824913, 0.9960784316062927]","[0.01790882647037506, 0.01964898593723774, -0.011673555709421635, 0.010078626684844494, -0.028914915397763252, -0.05970323830842972, 0.9960784316062927]","[0.026855796575546265, -0.027619946748018265, -0.0036189723759889603, -0.028237026184797287, -0.036283425986766815, -0.08549200743436813, 0.9960784316062927]","[0.0013569323346018791, 0.01608762890100479, -0.00855565257370472, 0.07202226668596268, -0.013508027419447899, -0.07259762287139893, 0.9960784316062927]"
030,final,pnp_utensils_12-07_rigid_objects,2022-12-07_19-49-59,traj_group0,traj23,traj030_final.jpg,pick up the utensil,"[0.009856553748250008, -0.010136917233467102, 0.002097183605656028, 0.01774175837635994, -0.020206674933433533, -0.05164425075054169, 0.9960784316062927]","[0.009856553748250008, -0.010136917233467102, -0.0049180989153683186, 0.014548786915838718, -0.03025464527308941, -0.02263188362121582, 0.9960784316062927]","[0.007843485102057457, -0.00042412252514623106, -0.006736875511705875, 0.0043312786146998405, -0.0429820753633976, 0.0015450867358595133, 0.9960784316062927]","[-0.0049059465527534485, -0.00042412252514623106, 0.002097183605656028, -0.009717794135212898, -0.020206674933433533, -0.027467278763651848, 0.9960784316062927]"
031,initial,2023-05-25_bin_pnp,2023-05-25_15-59-46,traj_group0,traj35,traj031_initial.jpg,pick up the object and place it in the bin,"[-0.0004324615583755076, -0.003337960923090577, -0.007516351528465748, -0.003331851912662387, 0.021324938163161278, -0.006513903848826885, 0.9960784316062927]","[-0.0004324615583755076, -0.0007478823536075652, -0.0033591471146792173, -0.008440605364739895, 0.013286560773849487, 0.004768683109432459, 0.9960784316062927]","[-0.0028928781393915415, -0.0007478823536075652, -0.005697574466466904, -0.0078020114451646805, 0.02467426098883152, 0.011215874925255775, 0.9960784316062927]","[-0.0013271585339680314, -0.0020429217256605625, -0.003878797637298703, -0.01227217074483633, 0.011276966892182827, 0.012827672995626926, 0.9960784316062927]"
031,final,2023-05-25_bin_pnp,2023-05-25_15-59-46,traj_group0,traj35,traj031_final.jpg,pick up the object and place it in the bin,"[0.0018042807932943106, 0.022239064797759056, -0.0007608943851664662, -0.053780797868967056, -0.016187485307455063, 0.030557451769709587, 0.9960784316062927]","[0.0018042807932943106, 0.02288658544421196, -0.0023198460694402456, -0.053780797868967056, -0.016187485307455063, -0.08065661787986755, 0.9960784316062927]","[0.01746147684752941, 0.020944025367498398, 0.00027840674738399684, -0.01227217074483633, -0.011498433537781239, 0.11437094956636429, 0.9960784316062927]","[0.011645947583019733, 0.0215915460139513, -0.0007608943851664662, 0.038815367966890335, -0.07915476709604263, 0.043451838195323944, 0.9960784316062927]"
032,initial,pnp_utensils_12-01,2022-12-01_15-40-03,traj_group0,traj46,traj032_initial.jpg,pick up the utensil,"[0.013882690109312534, -0.013050755485892296, -0.02596394531428814, -0.002693257760256529, 0.026683855801820755, -0.1209515705704689, 0.9960784316062927]","[0.006725114304572344, -0.01531707402318716, -0.007256526034325361, -0.03590015694499016, -0.01685735024511814, -0.20637686550617218, 0.9960784316062927]","[0.0047120461240410805, 0.0015184363583102822, -0.011153905652463436, 0.0011383076198399067, 0.012616695836186409, -0.09999819099903107, 0.9960784316062927]","[0.002027955139055848, 0.00022339713177643716, -0.006996701005846262, 0.010078626684844494, -0.004129921551793814, -0.056479644030332565, 0.9960784316062927]"
032,final,pnp_utensils_12-01,2022-12-01_15-40-03,traj_group0,traj46,traj032_final.jpg,pick up the utensil,"[0.00359367486089468, -0.0007478823536075652, -0.001800195430405438, 0.0004997134092263877, -0.00011073314090026543, -0.012961096130311489, 0.9960784316062927]","[0.00359367486089468, -0.0007478823536075652, -0.001800195430405438, 0.0004997134092263877, -0.00011073314090026543, -0.0032903074752539396, 0.9960784316062927]","[0.005606743041425943, -0.005280519835650921, -0.0005010690656490624, 0.0017769018886610866, -0.035613562911748886, -0.06292683631181717, 0.9960784316062927]","[-0.003116552485153079, -0.0020429217256605625, -0.012193206697702408, -0.010356388054788113, 0.03271263837814331, -0.004902105778455734, 0.9960784316062927]"
033,initial,2023-05-25_bin_pnp,2023-05-26_11-58-22,traj_group0,traj74,traj033_initial.jpg,pick up the object and place it in the bin,"[-0.0004324615583755076, 0.00022339713177643716, -0.0033591471146792173, 0.0011383076198399067, 0.010607101954519749, -0.0016785094048827887, 0.9960784316062927]","[-0.0004324615583755076, 0.00022339713177643716, -0.00024124380433931947, 0.0004997134092263877, 0.0012289963196963072, -6.67113417875953e-05, 0.9960784316062927]","[-0.0017745069926604629, 0.002489715814590454, -0.0025796713307499886, 0.0017769018886610866, 0.011946831829845905, -6.67113417875953e-05, 0.9960784316062927]","[-0.0013271585339680314, 0.00022339713177643716, -0.0033591471146792173, 0.0011383076198399067, 0.01663588546216488, -0.0032903074752539396, 0.9960784316062927]"
033,final,2023-05-25_bin_pnp,2023-05-26_11-58-22,traj_group0,traj74,traj033_final.jpg,pick up the object and place it in the bin,"[-0.0004324615583755076, -0.00042412252514623106, -0.00595739996060729, -0.002693257760256529, 0.021324938163161278, -6.67113417875953e-05, 0.9960784316062927]","[-0.0004324615583755076, 0.0005471569602377713, -0.004658273421227932, 0.0004997134092263877, 0.01998520828783512, -0.0032903074752539396, 0.9960784316062927]","[0.007619811221957207, 0.011878750286996365, -0.015830760821700096, 0.0036926844622939825, 0.011276966892182827, 0.059569817036390305, 0.9960784316062927]","[-0.0019981812220066786, -0.00042412252514623106, -0.005177923943847418, 0.0011383076198399067, -0.013508027419447899, -6.67113417875953e-05, 0.9960784316062927]"
034,initial,2023-01-04_pnp_objects,2023-01-04_17-51-10,traj_group0,traj235,traj034_initial.jpg,pick up the object,"[0.00023856115876697004, -0.00042412252514623106, -0.00855565257370472, 0.0011383076198399067, 0.026013990864157677, -0.012961096130311489, 0.9960784316062927]","[0.00023856115876697004, -0.00042412252514623106, -0.00855565257370472, 0.0011383076198399067, 0.021324938163161278, -0.01457289420068264, 0.9960784316062927]","[0.00023856115876697004, 0.00022339713177643716, -0.00855565257370472, 0.00688565568998456, 0.021994803100824356, 0.00638048117980361, 0.9960784316062927]","[-0.0011034843046218157, 0.00022339713177643716, -0.010634254664182663, 0.010717221535742283, 0.02936331368982792, -0.0016785094048827887, 0.9960784316062927]"
034,final,2023-01-04_pnp_objects,2023-01-04_17-51-10,traj_group0,traj235,traj034_final.jpg,pick up the object,"[1.4886919416312594e-05, -0.00042412252514623106, -0.010894079692661762, -0.01610373705625534, 0.0253441259264946, 0.009604076854884624, 0.9960784316062927]","[1.4886919416312594e-05, -0.00042412252514623106, -0.010894079692661762, -0.01610373705625534, 0.030033178627490997, -0.011349298059940338, 0.9960784316062927]","[1.4886919416312594e-05, 0.00022339713177643716, 1.8581469703349285e-05, 0.0017769018886610866, -0.00011073314090026543, -6.67113417875953e-05, 0.9960784316062927]","[0.005383068695664406, -0.017583392560482025, 1.8581469703349285e-05, 0.0030540903098881245, -0.0014504624996334314, -0.12578696012496948, 0.9960784316062927]"
035,initial,2023-01-11_pnp_objects,2023-01-11_15-48-05,traj_group0,traj181,traj035_initial.jpg,pick up the object,"[-0.022576211020350456, -0.035390183329582214, 0.013529496267437935, -0.07549300044775009, -0.012168297544121742, -0.01940828748047352, 0.0]","[0.01835617423057556, 0.03195185959339142, 0.02184390462934971, 0.03306801989674568, -0.0925520658493042, 0.15144230425357819, 0.9960784316062927]","[-0.0004324615583755076, 0.00022339713177643716, -0.0007608943851664662, 0.0017769018886610866, 0.0018988610245287418, 0.0015450867358595133, 0.9960784316062927]","[-0.004011249635368586, -0.0007478823536075652, -0.008815477602183819, -0.0014160692226141691, 0.030703043565154076, -0.004902105778455734, 0.9960784316062927]"
035,final,2023-01-11_pnp_objects,2023-01-11_15-48-05,traj_group0,traj181,traj035_final.jpg,pick up the object,"[-0.022576211020350456, -0.008841877803206444, 0.008852641098201275, 0.015825975686311722, -0.04164234548807144, -0.05003245174884796, 0.0]","[-0.022576211020350456, 0.006698593497276306, 0.0023570088669657707, 0.049671467393636703, 0.043430473655462265, -0.09999819099903107, 0.0]","[-0.0004324615583755076, 0.0005471569602377713, -0.00985477864742279, 0.0017769018886610866, 0.027353720739483833, -0.0032903074752539396, 0.9960784316062927]","[-0.014300264418125153, 0.028714261949062347, -0.0023198460694402456, 0.048394281417131424, 0.05347844213247299, -0.0709858238697052, 0.9960784316062927]"
036,initial,2023-01-09_pnp_rigid_objects,2023-01-09_15-30-37,traj_group0,traj46,traj036_initial.jpg,pick up the rigid object,"[0.006277765613049269, -0.0020429217256605625, -0.0028394965920597315, -0.02632124349474907, 0.017305748537182808, 0.02572205848991871, 0.9960784316062927]","[0.006277765613049269, -0.0020429217256605625, -0.0028394965920597315, -0.02632124349474907, -0.024225862696766853, 0.0031568848062306643, 0.9960784316062927]","[0.006277765613049269, -0.0020429217256605625, -0.0028394965920597315, -0.008440605364739895, -0.02221626788377762, -0.0016785094048827887, 0.0]","[0.008738182485103607, -0.014669554308056831, 0.003396310145035386, 0.014548786915838718, -0.026235457509756088, -0.03552626818418503, 0.0]"
036,final,2023-01-09_pnp_rigid_objects,2023-01-09_15-30-37,traj_group0,traj46,traj036_final.jpg,pick up the rigid object,"[-0.006695340387523174, 0.018677707761526108, -0.006736875511705875, 0.06691351532936096, 0.06754560023546219, -0.140293151140213, 0.9960784316062927]","[-0.006695340387523174, 0.011231230571866035, -0.005177923943847418, 0.06052757054567337, 0.05481817200779915, -0.1515757292509079, 0.9960784316062927]","[-0.017879052087664604, -0.027619946748018265, -0.004658273421227932, -0.03526156395673752, 0.0025687257293611765, -0.09677459299564362, 0.9960784316062927]","[0.002922652056440711, -0.010784436948597431, -0.008036002516746521, -0.003331851912662387, 0.0052481843158602715, -0.07259762287139893, 0.9960784316062927]"
037,initial,2022-12-08_pnp_soft_toys,2022-12-08_19-41-31,traj_group0,traj27,traj037_initial.jpg,pick up the soft toy,"[-0.0004324615583755076, 0.005079794209450483, 1.8581469703349285e-05, 0.0004997134092263877, -0.0014504624996334314, 0.027333855628967285, 0.9960784316062927]","[-0.0004324615583755076, -0.0007478823536075652, 0.00027840674738399684, 0.0043312786146998405, 0.006587913725525141, -0.01940828748047352, 0.9960784316062927]","[-0.002221855567768216, -0.0007478823536075652, -0.01453163381665945, -0.003331851912662387, 0.043430473655462265, 0.0031568848062306643, 0.9960784316062927]","[-0.0026692040264606476, 0.013497550040483475, 0.0005382320377975702, 0.011994409374892712, 0.013956425711512566, -0.04680885374546051, 0.0]"
037,final,2022-12-08_pnp_soft_toys,2022-12-08_19-41-31,traj_group0,traj27,traj037_final.jpg,pick up the soft toy,"[-0.00244552968069911, -0.00042412252514623106, -0.018429012969136238, -0.04228610172867775, 0.019315343350172043, -0.011349298059940338, 0.9960784316062927]","[-0.00244552968069911, -0.00042412252514623106, -0.018169187009334564, -0.03462297096848488, 0.019315343350172043, 0.004768683109432459, 0.9960784316062927]","[-0.004458597861230373, 0.0005471569602377713, -0.021806741133332253, -0.04228610172867775, 0.0045783198438584805, 0.011215874925255775, 0.9960784316062927]","[-0.00244552968069911, -0.004956759978085756, -0.02414516918361187, -0.053780797868967056, 0.0159660205245018, -0.008125701919198036, 0.9960784316062927]"
038,initial,pnp_utensils_11-18,2022-11-18_16-36-58,traj_group0,traj17,traj038_initial.jpg,pick up the utensil,"[-0.003116552485153079, 0.0008709167595952749, -0.011413730680942535, 0.0030540903098881245, 0.03338250145316124, -6.67113417875953e-05, 0.9960784316062927]","[-0.003116552485153079, 0.0008709167595952749, -0.011413730680942535, 0.0030540903098881245, 0.03338250145316124, -6.67113417875953e-05, 0.9960784316062927]","[-0.0028928781393915415, 0.00022339713177643716, -0.010894079692661762, 0.0043312786146998405, 0.034722231328487396, 0.004768683109432459, 0.9960784316062927]","[1.4886919416312594e-05, 0.0005471569602377713, 1.8581469703349285e-05, -0.00013888080138713121, -0.00011073314090026543, 0.0015450867358595133, 0.9960784316062927]"
038,final,pnp_utensils_11-18,2022-11-18_16-36-58,traj_group0,traj17,traj038_final.jpg,pick up the utensil,"[0.013882690109312534, -0.013050755485892296, -0.01297268271446228, -0.005886228755116463, -0.03896288573741913, -0.03069087490439415, 0.9960784316062927]","[0.013882690109312534, -0.013050755485892296, -0.004658273421227932, -0.027598433196544647, -0.08719314634799957, 0.030557451769709587, 0.9960784316062927]","[-0.0006561357877217233, -0.00010036268940893933, -0.009594953618943691, 0.0017769018886610866, -0.010158703662455082, -0.029079075902700424, 0.9960784316062927]","[-0.0006561357877217233, -0.0013954020105302334, -0.006477050483226776, -0.0078020114451646805, 0.017975613474845886, -6.67113417875953e-05, 0.9960784316062927]"
039,initial,2023-01-04_pnp_objects,2023-01-04_17-51-10,traj_group0,traj75,traj039_initial.jpg,pick up the object,"[-0.000879810017067939, -0.00010036268940893933, -0.010374429635703564, 0.0011383076198399067, 0.026683855801820755, -0.004902105778455734, 0.9960784316062927]","[-0.000879810017067939, -0.00010036268940893933, -0.010114604607224464, 0.0004997134092263877, 0.030033178627490997, -6.67113417875953e-05, 0.9960784316062927]","[-0.000879810017067939, 0.0008709167595952749, -0.007256526034325361, 0.0030540903098881245, 0.028023583814501762, 0.0031568848062306643, 0.9960784316062927]","[-0.003787575289607048, 0.0008709167595952749, -0.011153905652463436, 0.00688565568998456, 0.03606196120381355, -0.05003245174884796, 0.9960784316062927]"
039,final,2023-01-04_pnp_objects,2023-01-04_17-51-10,traj_group0,traj75,traj039_final.jpg,pick up the object,"[-0.022799884900450706, 0.019972745329141617, -0.02596394531428814, -0.0806017518043518, 0.0206550732254982, -0.006513903848826885, 0.9960784316062927]","[-0.022799884900450706, -0.008194358088076115, -0.018429012969136238, 0.06499773263931274, 0.021324938163161278, 0.09180577844381332, 0.0]","[-0.003116552485153079, 0.002489715814590454, -0.022066567093133926, 0.04073115065693855, -0.04566153138875961, 0.009604076854884624, 0.9960784316062927]","[-0.003116552485153079, -0.003985480405390263, 0.006774038542062044, 0.08160118013620377, -0.0336039699614048, -0.008125701919198036, 0.9960784316062927]"
040,initial,2023-01-11_pnp_objects,2023-01-22_15-06-10,traj_group0,traj44,traj040_initial.jpg,pick up the object,"[0.0033700005151331425, 0.0031372355297207832, 0.001317707821726799, -0.003970446065068245, -0.004799786023795605, 0.022498462349176407, 0.9960784316062927]","[0.0033700005151331425, 0.0031372355297207832, -0.01972813904285431, 0.02540488913655281, -0.019536809995770454, -0.040361661463975906, 0.9960784316062927]","[0.009185531176626682, -0.016288353130221367, 0.005215086974203587, -0.01801951974630356, -0.022886132821440697, -0.037138067185878754, 0.0]","[0.0033700005151331425, 0.0044322749599814415, -0.010114604607224464, 0.02604348212480545, -0.02556559257209301, -0.04358525946736336, 0.9960784316062927]"
040,final,2023-01-11_pnp_objects,2023-01-22_15-06-10,traj_group0,traj44,traj040_final.jpg,pick up the object,"[-0.00020878732902929187, -0.0007478823536075652, -0.011413730680942535, 0.01646456867456436, -0.0034600566141307354, -0.008125701919198036, 0.9960784316062927]","[-0.00020878732902929187, -0.0007478823536075652, -0.006996701005846262, 0.007524250075221062, 0.0012289963196963072, -0.027467278763651848, 0.9960784316062927]","[0.0047120461240410805, 0.016735147684812546, 0.013269670307636261, 0.02604348212480545, -0.03293410316109657, 0.04022824019193649, 0.9960784316062927]","[0.009856553748250008, 0.00022339713177643716, 0.009112466126680374, 0.0528644397854805, -0.052360180765390396, -0.03874986618757248, 0.9960784316062927]"
041,initial,2022-12-15_pnp_many_objects_in_env,2022-12-15_15-35-45,traj_group0,traj98,traj041_initial.jpg,pick up the target object among many objects,"[-0.004234923515468836, -0.0075468383729457855, -0.005177923943847418, -0.039731722325086594, -0.006809380371123552, 0.007992278784513474, 0.0]","[-0.004234923515468836, -0.0075468383729457855, 0.0005382320377975702, -0.02440546080470085, 0.034722231328487396, -0.040361661463975906, 0.0]","[-0.003116552485153079, -0.01207947637885809, 0.01223036926239729, -0.002693257760256529, -0.024225862696766853, -0.017796490341424942, 0.9960784316062927]","[-0.0011034843046218157, -0.0010716421529650688, 0.01690722443163395, 0.01710316352546215, -0.022886132821440697, 0.004768683109432459, 0.0]"
041,final,2022-12-15_pnp_many_objects_in_env,2022-12-15_15-35-45,traj_group0,traj98,traj041_final.jpg,pick up the target object among many objects,"[-0.0028928781393915415, -0.008518118411302567, -0.018169187009334564, -0.0806017518043518, -0.02958478033542633, 0.1530541032552719, 0.0]","[-0.0028928781393915415, -0.008518118411302567, 0.01197054423391819, 0.005608467385172844, -0.061738286167383194, -0.05486784502863884, 0.0]","[-0.006247991696000099, -0.01531707402318716, -0.0025796713307499886, -0.04228610172867775, 0.047449659556150436, -0.04680885374546051, 0.0]","[-0.003787575289607048, -0.013050755485892296, -0.008815477602183819, 0.02732067182660103, -0.006139515433460474, 0.08213499188423157, 0.0]"
042,initial,2023-01-09_pnp_rigid_objects,2023-01-10_16-27-55,traj_group0,traj59,traj042_initial.jpg,pick up the rigid object,"[-0.008932082913815975, 0.01835394650697708, 0.0007980572991073132, -0.023128272965550423, 0.05883736163377762, -0.19187068939208984, 0.9960784316062927]","[-0.008932082913815975, 0.01835394650697708, 0.0007980572991073132, -0.023128272965550423, 0.05883736163377762, -0.19187068939208984, 0.9960784316062927]","[-0.010721476748585701, -0.0020429217256605625, -0.01790936291217804, -0.01291076559573412, 0.012616695836186409, -0.03552626818418503, 0.9960784316062927]","[0.005830417387187481, 0.0011946766171604395, 0.0026168341282755136, 0.0017769018886610866, -0.030924510210752487, -0.009737499989569187, 0.9960784316062927]"
042,final,2023-01-09_pnp_rigid_objects,2023-01-10_16-27-55,traj_group0,traj59,traj042_final.jpg,pick up the rigid object,"[0.008738182485103607, -0.003337960923090577, -0.017649536952376366, -0.02632124349474907, 0.05481817200779915, 0.06440521031618118, 0.9960784316062927]","[0.008738182485103607, -0.003337960923090577, -0.00024124380433931947, -0.02632124349474907, -0.036283425986766815, -0.03069087490439415, 0.9960784316062927]","[0.008961856365203857, 0.011231230571866035, -0.0033591471146792173, -0.05314220115542412, 0.07759357243776321, -0.08710380643606186, 0.9960784316062927]","[-0.020786818116903305, -0.003985480405390263, 0.007033864036202431, 0.06691351532936096, -0.04700126126408577, 0.030557451769709587, 0.9960784316062927]"
043,initial,pnp_utensils_12-06_gripper_start_closed,2022-12-06_21-24-47,traj_group0,traj131,traj043_initial.jpg,pick up the utensil,"[0.009856553748250008, 0.0015184363583102822, 0.010151767171919346, 0.0030540903098881245, -0.019536809995770454, 0.012827672995626926, 0.0]","[0.009856553748250008, -0.007870598696172237, 0.0026168341282755136, -0.03206859156489372, -0.05972869321703911, -0.061315037310123444, 0.0]","[-0.016537006944417953, 0.0028134756721556187, -0.0007608943851664662, -0.019935302436351776, -0.040972478687763214, 0.0901939794421196, 0.0]","[0.00023856115876697004, -0.00042412252514623106, 1.8581469703349285e-05, -0.003970446065068245, -0.002120327204465866, 0.0015450867358595133, 0.0]"
043,final,pnp_utensils_12-06_gripper_start_closed,2022-12-06_21-24-47,traj_group0,traj131,traj043_final.jpg,pick up the utensil,"[-0.0019981812220066786, 0.0008709167595952749, -0.00855565257370472, 0.0126330042257905, 0.028023583814501762, 0.007992278784513474, 0.9960784316062927]","[0.0013569323346018791, -0.0017191617516800761, -0.004138622898608446, -0.01801951974630356, -0.012168297544121742, 0.03378104791045189, 0.9960784316062927]","[0.0011332581052556634, 0.0076698730699718, -0.0028394965920597315, -0.003331851912662387, 0.003238590434193611, 0.02894565463066101, 0.9960784316062927]","[-0.007813711650669575, 0.007022353354841471, -0.011413730680942535, 0.02732067182660103, 0.05682776868343353, -0.024243682622909546, 0.9960784316062927]"
044,initial,pnp_utensils_11-28,2022-11-28_17-14-14,traj_group0,traj221,traj044_initial.jpg,pick up the utensil,"[-0.0019981812220066786, 0.0008709167595952749, -0.010114604607224464, 0.007524250075221062, 0.028023583814501762, 0.007992278784513474, 0.9960784316062927]","[-0.0019981812220066786, 0.0008709167595952749, -0.010114604607224464, 0.007524250075221062, 0.028023583814501762, 0.007992278784513474, 0.9960784316062927]","[-0.003340226598083973, 0.0011946766171604395, -0.00855565257370472, 0.014548786915838718, 0.03338250145316124, 0.007992278784513474, 0.9960784316062927]","[-0.0035639009438455105, 0.0011946766171604395, -0.010894079692661762, 0.007524250075221062, 0.03673182427883148, 0.0031568848062306643, 0.9960784316062927]"
044,final,pnp_utensils_11-28,2022-11-28_17-14-14,traj_group0,traj221,traj044_final.jpg,pick up the utensil,"[-0.00020878732902929187, -0.0013954020105302334, -0.011413730680942535, -0.006524823140352964, 0.019315343350172043, 0.0015450867358595133, 0.9960784316062927]","[-0.00020878732902929187, -0.0013954020105302334, -0.011413730680942535, -0.006524823140352964, 0.019315343350172043, 0.0015450867358595133, 0.9960784316062927]","[0.009409205056726933, 0.0021659559570252895, 0.009632117114961147, 0.010078626684844494, -0.030924510210752487, -0.006513903848826885, 0.9960784316062927]","[0.008290833793580532, 0.0005471569602377713, 0.009112466126680374, 0.006247061304748058, -0.03494369611144066, -0.009737499989569187, 0.9960784316062927]"
045,initial,2023-01-11_pnp_objects,2023-01-11_14-46-44,traj_group0,traj21,traj045_initial.jpg,pick up the object,"[-0.0028928781393915415, -0.00042412252514623106, -0.009335128590464592, 0.0011383076198399067, 0.03204277157783508, -0.0032903074752539396, 0.9960784316062927]","[-0.0028928781393915415, 0.0015184363583102822, -0.008815477602183819, 0.0030540903098881245, 0.030033178627490997, -0.016184691339731216, 0.9960784316062927]","[-0.002221855567768216, 0.0015184363583102822, -0.008815477602183819, 0.00944003276526928, -0.012168297544121742, 0.007992278784513474, 0.0]","[0.006501439958810806, 0.0005471569602377713, -0.005697574466466904, 0.006247061304748058, -0.006809380371123552, -0.0032903074752539396, 0.0]"
045,final,2023-01-11_pnp_objects,2023-01-11_14-46-44,traj_group0,traj21,traj045_final.jpg,pick up the object,"[-0.01049780286848545, 0.011231230571866035, -0.001280544907785952, 0.02604348212480545, -0.006809380371123552, -0.009737499989569187, 0.9960784316062927]","[-0.01049780286848545, 0.011231230571866035, 0.002097183605656028, 0.04136974364519119, -0.002120327204465866, 0.1530541032552719, 0.9960784316062927]","[-0.000879810017067939, 0.0015184363583102822, -0.007256526034325361, 0.011355815455317497, 0.027353720739483833, 0.0031568848062306643, 0.9960784316062927]","[-0.0015508327633142471, 0.0008709167595952749, -0.005697574466466904, 0.008162843994796276, 0.023334531113505363, -0.01457289420068264, 0.9960784316062927]"
046,initial,2022-12-15_pnp_many_objects_in_env,2022-12-15_14-48-54,traj_group0,traj59,traj046_initial.jpg,pick up the target object among many objects,"[-0.009155756793916225, 0.010259951464831829, -0.01972813904285431, 0.022850511595606804, 0.07759357243776321, -0.03874986618757248, 0.9960784316062927]","[-0.0026692040264606476, -0.0036617207806557417, -0.019987965002655983, -0.003331851912662387, 0.05280857905745506, -6.67113417875953e-05, 0.9960784316062927]","[-0.0026692040264606476, 0.0018421962158754468, -0.014011983759701252, 0.011994409374892712, 0.044100336730480194, 0.004768683109432459, 0.9960784316062927]","[-0.006919014733284712, -0.005280519835650921, -0.013492332771420479, 0.01646456867456436, 0.014626290649175644, -0.06776223331689835, 0.9960784316062927]"
046,final,2022-12-15_pnp_many_objects_in_env,2022-12-15_14-48-54,traj_group0,traj59,traj046_final.jpg,pick up the target object among many objects,"[0.007396136876195669, 0.0015184363583102822, -0.004398448392748833, -0.008440605364739895, 0.009267373010516167, 0.016051270067691803, 0.0]","[0.007396136876195669, 0.0015184363583102822, 0.004175785928964615, 0.0036926844622939825, -0.01484775636345148, 0.0031568848062306643, 0.0]","[-0.005129620432853699, -0.00042412252514623106, -0.005177923943847418, 0.0126330042257905, 0.011276966892182827, -0.012961096130311489, 0.9960784316062927]","[-0.0049059465527534485, -0.0020429217256605625, 0.007033864036202431, -0.005247634835541248, 0.003238590434193611, 0.019274866208434105, 0.9960784316062927]"
047,initial,2022-12-15_pnp_many_objects_in_env,2022-12-15_15-35-45,traj_group0,traj86,traj047_initial.jpg,pick up the target object among many objects,"[-0.013852915726602077, -0.014993314631283283, -0.00855565257370472, -0.02504405565559864, 0.027353720739483833, -0.01457289420068264, 0.0]","[0.008067159913480282, -0.0007478823536075652, -0.0033591471146792173, -0.008440605364739895, -0.005469650961458683, 0.009604076854884624, 0.0]","[0.011198598891496658, -0.00592803955078125, -0.004658273421227932, -0.022489678114652634, -0.0034600566141307354, -0.012961096130311489, 0.0]","[0.002027955139055848, -0.006899319123476744, 0.013009845279157162, 0.022211916744709015, -0.0336039699614048, -0.03552626818418503, 0.9960784316062927]"
047,final,2022-12-15_pnp_many_objects_in_env,2022-12-15_15-35-45,traj_group0,traj86,traj047_final.jpg,pick up the target object among many objects,"[-0.008037385530769825, 0.004108515102416277, -0.014011983759701252, 0.011355815455317497, 0.03807155415415764, -0.009737499989569187, 0.0]","[-0.008037385530769825, 0.004108515102416277, -0.014011983759701252, 0.010717221535742283, 0.03673182427883148, 0.019274866208434105, 0.0]","[-0.0028928781393915415, 0.013173789717257023, -0.0030993218533694744, -0.02632124349474907, 0.003908454906195402, -0.009737499989569187, 0.0]","[-0.003787575289607048, -0.013050755485892296, -0.013492332771420479, 0.019657541066408157, 0.011946831829845905, -0.06776223331689835, 0.0]"
048,initial,pnp_utensils_11-28,2022-11-22_17-15-52,traj_group0,traj42,traj048_initial.jpg,pick up the utensil,"[-0.010721476748585701, -0.004309240262955427, -0.013492332771420479, -0.021212490275502205, 0.03338250145316124, -0.06937402486801147, 0.9960784316062927]","[-0.010721476748585701, -0.004309240262955427, 0.013529496267437935, 0.07968539744615555, 0.012616695836186409, -0.20637686550617218, 0.9960784316062927]","[-0.010721476748585701, -0.0020429217256605625, -0.0062172249890863895, 0.013271598145365715, -0.004129921551793814, 0.03861644119024277, 0.9960784316062927]","[0.005830417387187481, 0.00896491203457117, -0.001800195430405438, 0.047117091715335846, -0.03494369611144066, -0.03874986618757248, 0.9960784316062927]"
048,final,pnp_utensils_11-28,2022-11-22_17-15-52,traj_group0,traj42,traj048_final.jpg,pick up the utensil,"[-0.0013271585339680314, 0.004108515102416277, 0.025221632793545723, 0.03689958527684212, -0.05503964051604271, 0.011215874925255775, 0.9960784316062927]","[-0.0013271585339680314, 0.004108515102416277, 0.025221632793545723, 0.03689958527684212, -0.05503964051604271, -0.016184691339731216, 0.9960784316062927]","[0.009185531176626682, 0.011231230571866035, 0.0005382320377975702, 0.014548786915838718, -0.019536809995770454, 0.02572205848991871, 0.9960784316062927]","[0.005383068695664406, 0.008317392319440842, -0.005697574466466904, 0.04073115065693855, -0.014177892357110977, -0.04358525946736336, 0.9960784316062927]"
049,initial,pnp_utensils_12-07_rigid_objects,2022-12-07_18-15-43,traj_group0,traj293,traj049_initial.jpg,pick up the utensil,"[-0.0004324615583755076, -0.00010036268940893933, -0.01297268271446228, -0.002693257760256529, 0.03405236825346947, -6.67113417875953e-05, 0.9960784316062927]","[-0.0004324615583755076, -0.0010716421529650688, -0.011413730680942535, -0.008440605364739895, 0.030703043565154076, 0.011215874925255775, 0.9960784316062927]","[1.4886919416312594e-05, -0.00010036268940893933, 1.8581469703349285e-05, -0.00013888080138713121, -0.00011073314090026543, -6.67113417875953e-05, 0.9960784316062927]","[-0.0004324615583755076, -0.00010036268940893933, -0.00024124380433931947, -0.00013888080138713121, 0.0012289963196963072, -6.67113417875953e-05, 0.9960784316062927]"
049,final,pnp_utensils_12-07_rigid_objects,2022-12-07_18-15-43,traj_group0,traj293,traj049_final.jpg,pick up the utensil,"[0.0006859096465632319, 0.010259951464831829, -0.008815477602183819, 0.06882929801940918, -0.02958478033542633, -0.05970323830842972, 0.9960784316062927]","[0.0006859096465632319, 0.010259951464831829, -0.008815477602183819, 0.06052757054567337, 0.0025687257293611765, -0.06776223331689835, 0.9960784316062927]","[0.0006859096465632319, 0.022239064797759056, 0.003136484883725643, -0.021851085126399994, -0.03025464527308941, 0.20301984250545502, 0.9960784316062927]","[0.0006859096465632319, -0.01207947637885809, 0.001577533083036542, 0.04136974364519119, -0.0007805978530086577, -0.05003245174884796, 0.9960784316062927]"
050,initial,2023-01-11_pnp_objects,2023-01-22_15-34-18,traj_group0,traj57,traj050_initial.jpg,pick up the object,"[-0.003116552485153079, 0.0008709167595952749, -0.007516351528465748, -0.008440605364739895, 0.03338250145316124, 0.016051270067691803, 0.9960784316062927]","[-0.0019981812220066786, 0.0008709167595952749, -0.007776177022606134, 0.00688565568998456, 0.021994803100824356, -6.67113417875953e-05, 0.9960784316062927]","[-0.003340226598083973, 0.0011946766171604395, -0.007776177022606134, 0.00688565568998456, 0.028023583814501762, 0.0015450867358595133, 0.9960784316062927]","[-0.0013271585339680314, -0.00010036268940893933, -0.007776177022606134, 0.005608467385172844, 0.0206550732254982, 0.0015450867358595133, 0.9960784316062927]"
050,final,2023-01-11_pnp_objects,2023-01-22_15-34-18,traj_group0,traj57,traj050_final.jpg,pick up the object,"[-0.003116552485153079, 0.0008709167595952749, -0.008036002516746521, 0.0004997134092263877, 0.026013990864157677, -0.0016785094048827887, 0.9960784316062927]","[-0.003116552485153079, 0.030333060771226883, 0.0007980572991073132, -0.003331851912662387, -0.04164234548807144, 0.1707838773727417, 0.9960784316062927]","[0.012987992726266384, 0.003460995387285948, -0.022066567093133926, 0.0011383076198399067, -0.052360180765390396, -0.05809144303202629, 0.9960784316062927]","[0.01656678132712841, -0.003337960923090577, 0.005734737496823072, 0.0030540903098881245, -0.04231220856308937, -0.027467278763651848, 0.9960784316062927]"
